INSERT INTO countries (id, name) VALUES (7, 'Австралия');
INSERT INTO countries (id, name) VALUES (28, 'Беларусь');
INSERT INTO countries (id, name) VALUES (21, 'Бельгия');
INSERT INTO countries (id, name) VALUES (32, 'Бразилия');
INSERT INTO countries (id, name) VALUES (3, 'Великобритания');
INSERT INTO countries (id, name) VALUES (38, 'Венгрия');
INSERT INTO countries (id, name) VALUES (10, 'Германия');
INSERT INTO countries (id, name) VALUES (24, 'Германия (ФРГ)');
INSERT INTO countries (id, name) VALUES (14, 'Гонконг');
INSERT INTO countries (id, name) VALUES (22, 'Дания');
INSERT INTO countries (id, name) VALUES (25, 'Индия');
INSERT INTO countries (id, name) VALUES (39, 'Иордания');
INSERT INTO countries (id, name) VALUES (19, 'Ирландия');
INSERT INTO countries (id, name) VALUES (40, 'Исландия');
INSERT INTO countries (id, name) VALUES (8, 'Испания');
INSERT INTO countries (id, name) VALUES (17, 'Италия');
INSERT INTO countries (id, name) VALUES (4, 'Канада');
INSERT INTO countries (id, name) VALUES (37, 'Катар');
INSERT INTO countries (id, name) VALUES (36, 'Кипр');
INSERT INTO countries (id, name) VALUES (15, 'Китай');
INSERT INTO countries (id, name) VALUES (23, 'Корея Южная');
INSERT INTO countries (id, name) VALUES (35, 'Ливан');
INSERT INTO countries (id, name) VALUES (20, 'Люксембург');
INSERT INTO countries (id, name) VALUES (12, 'Мальта');
INSERT INTO countries (id, name) VALUES (13, 'Марокко');
INSERT INTO countries (id, name) VALUES (16, 'Мексика');
INSERT INTO countries (id, name) VALUES (30, 'Нидерланды');
INSERT INTO countries (id, name) VALUES (2, 'Новая Зеландия');
INSERT INTO countries (id, name) VALUES (29, 'Норвегия');
INSERT INTO countries (id, name) VALUES (26, 'ОАЭ');
INSERT INTO countries (id, name) VALUES (18, 'Польша');
INSERT INTO countries (id, name) VALUES (11, 'Россия');
INSERT INTO countries (id, name) VALUES (5, 'СССР');
INSERT INTO countries (id, name) VALUES (1, 'США');
INSERT INTO countries (id, name) VALUES (31, 'Финляндия');
INSERT INTO countries (id, name) VALUES (6, 'Франция');
INSERT INTO countries (id, name) VALUES (34, 'Швейцария');
INSERT INTO countries (id, name) VALUES (27, 'Швеция');
INSERT INTO countries (id, name) VALUES (33, 'Югославия');
INSERT INTO countries (id, name) VALUES (9, 'Япония');

INSERT INTO genres (id, name) VALUES (18, 'аниме');
INSERT INTO genres (id, name) VALUES (16, 'биография');
INSERT INTO genres (id, name) VALUES (17, 'боевик');
INSERT INTO genres (id, name) VALUES (20, 'вестерн');
INSERT INTO genres (id, name) VALUES (12, 'военный');
INSERT INTO genres (id, name) VALUES (3, 'детектив');
INSERT INTO genres (id, name) VALUES (1, 'драма');
INSERT INTO genres (id, name) VALUES (13, 'история');
INSERT INTO genres (id, name) VALUES (11, 'комедия');
INSERT INTO genres (id, name) VALUES (2, 'криминал');
INSERT INTO genres (id, name) VALUES (10, 'мелодрама');
INSERT INTO genres (id, name) VALUES (14, 'музыка');
INSERT INTO genres (id, name) VALUES (7, 'мультфильм');
INSERT INTO genres (id, name) VALUES (9, 'мюзикл');
INSERT INTO genres (id, name) VALUES (6, 'приключения');
INSERT INTO genres (id, name) VALUES (8, 'семейный');
INSERT INTO genres (id, name) VALUES (19, 'спорт');
INSERT INTO genres (id, name) VALUES (15, 'триллер');
INSERT INTO genres (id, name) VALUES (21, 'ужасы');
INSERT INTO genres (id, name) VALUES (4, 'фантастика');
INSERT INTO genres (id, name) VALUES (5, 'фэнтези');

INSERT INTO films (id, name_ru, name_en, year, length, rating, rating_vote_count, poster_url, poster_url_preview) VALUES (301, 'Матрица', 'The Matrix', '1999', '02:16', '8.5', 569623, 'https://kinopoiskapiunofficial.tech/images/posters/kp/301.jpg', 'https://kinopoiskapiunofficial.tech/images/posters/kp_small/301.jpg');
INSERT INTO films (id, name_ru, name_en, year, length, rating, rating_vote_count, poster_url, poster_url_preview) VALUES (312, 'Властелин колец: Две крепости', 'The Lord of the Rings: The Two Towers', '2002', '02:59', '8.6', 481482, 'https://kinopoiskapiunofficial.tech/images/posters/kp/312.jpg', 'https://kinopoiskapiunofficial.tech/images/posters/kp_small/312.jpg');
INSERT INTO films (id, name_ru, name_en, year, length, rating, rating_vote_count, poster_url, poster_url_preview) VALUES (322, 'Гарри Поттер и узник Азкабана', 'Harry Potter and the Prisoner of Azkaban', '2004', '02:22', '8.2', 453774, 'https://kinopoiskapiunofficial.tech/images/posters/kp/322.jpg', 'https://kinopoiskapiunofficial.tech/images/posters/kp_small/322.jpg');
INSERT INTO films (id, name_ru, name_en, year, length, rating, rating_vote_count, poster_url, poster_url_preview) VALUES (324, 'Поймай меня, если сможешь', 'Catch Me If You Can', '2002', '02:21', '8.5', 454366, 'https://kinopoiskapiunofficial.tech/images/posters/kp/324.jpg', 'https://kinopoiskapiunofficial.tech/images/posters/kp_small/324.jpg');
INSERT INTO films (id, name_ru, name_en, year, length, rating, rating_vote_count, poster_url, poster_url_preview) VALUES (325, 'Крестный отец', 'The Godfather', '1972', '02:55', '8.7', 312024, 'https://kinopoiskapiunofficial.tech/images/posters/kp/325.jpg', 'https://kinopoiskapiunofficial.tech/images/posters/kp_small/325.jpg');
INSERT INTO films (id, name_ru, name_en, year, length, rating, rating_vote_count, poster_url, poster_url_preview) VALUES (326, 'Побег из Шоушенка', 'The Shawshank Redemption', '1994', '02:22', '9.1', 794935, 'https://kinopoiskapiunofficial.tech/images/posters/kp/326.jpg', 'https://kinopoiskapiunofficial.tech/images/posters/kp_small/326.jpg');
INSERT INTO films (id, name_ru, name_en, year, length, rating, rating_vote_count, poster_url, poster_url_preview) VALUES (327, 'Крестный отец 2', 'The Godfather: Part II', '1974', '03:22', '8.5', 174614, 'https://kinopoiskapiunofficial.tech/images/posters/kp/327.jpg', 'https://kinopoiskapiunofficial.tech/images/posters/kp_small/327.jpg');
INSERT INTO films (id, name_ru, name_en, year, length, rating, rating_vote_count, poster_url, poster_url_preview) VALUES (328, 'Властелин колец: Братство Кольца', 'The Lord of the Rings: The Fellowship of the Ring', '2001', '02:58', '8.6', 533370, 'https://kinopoiskapiunofficial.tech/images/posters/kp/328.jpg', 'https://kinopoiskapiunofficial.tech/images/posters/kp_small/328.jpg');
INSERT INTO films (id, name_ru, name_en, year, length, rating, rating_vote_count, poster_url, poster_url_preview) VALUES (329, 'Список Шиндлера', 'Schindler''s List', '1993', '03:15', '8.8', 372097, 'https://kinopoiskapiunofficial.tech/images/posters/kp/329.jpg', 'https://kinopoiskapiunofficial.tech/images/posters/kp_small/329.jpg');
INSERT INTO films (id, name_ru, name_en, year, length, rating, rating_vote_count, poster_url, poster_url_preview) VALUES (333, 'Звёздные войны: Эпизод 4 — Новая надежда', 'Star Wars', '1977', '02:01', '8.1', 246657, 'https://kinopoiskapiunofficial.tech/images/posters/kp/333.jpg', 'https://kinopoiskapiunofficial.tech/images/posters/kp_small/333.jpg');
INSERT INTO films (id, name_ru, name_en, year, length, rating, rating_vote_count, poster_url, poster_url_preview) VALUES (336, 'Пролетая над гнездом кукушки', 'One Flew Over the Cuckoo''s Nest', '1975', '02:13', '8.5', 288537, 'https://kinopoiskapiunofficial.tech/images/posters/kp/336.jpg', 'https://kinopoiskapiunofficial.tech/images/posters/kp_small/336.jpg');
INSERT INTO films (id, name_ru, name_en, year, length, rating, rating_vote_count, poster_url, poster_url_preview) VALUES (338, 'Звёздные войны: Эпизод 5 — Империя наносит ответный удар', 'Star Wars: Episode V - The Empire Strikes Back', '1980', '02:04', '8.1', 239818, 'https://kinopoiskapiunofficial.tech/images/posters/kp/338.jpg', 'https://kinopoiskapiunofficial.tech/images/posters/kp_small/338.jpg');
INSERT INTO films (id, name_ru, name_en, year, length, rating, rating_vote_count, poster_url, poster_url_preview) VALUES (341, 'Амели', 'Le Fabuleux destin d''Amélie Poulain', '2001', '02:02', '8.0', 257335, 'https://kinopoiskapiunofficial.tech/images/posters/kp/341.jpg', 'https://kinopoiskapiunofficial.tech/images/posters/kp_small/341.jpg');
INSERT INTO films (id, name_ru, name_en, year, length, rating, rating_vote_count, poster_url, poster_url_preview) VALUES (342, 'Криминальное чтиво', 'Pulp Fiction', '1994', '02:34', '8.6', 547109, 'https://kinopoiskapiunofficial.tech/images/posters/kp/342.jpg', 'https://kinopoiskapiunofficial.tech/images/posters/kp_small/342.jpg');
INSERT INTO films (id, name_ru, name_en, year, length, rating, rating_vote_count, poster_url, poster_url_preview) VALUES (345, 'Молчание ягнят', 'The Silence of the Lambs', '1990', '01:54', '8.3', 395158, 'https://kinopoiskapiunofficial.tech/images/posters/kp/345.jpg', 'https://kinopoiskapiunofficial.tech/images/posters/kp_small/345.jpg');
INSERT INTO films (id, name_ru, name_en, year, length, rating, rating_vote_count, poster_url, poster_url_preview) VALUES (346, '12 разгневанных мужчин', '12 Angry Men', '1956', '01:36', '8.5', 109389, 'https://kinopoiskapiunofficial.tech/images/posters/kp/346.jpg', 'https://kinopoiskapiunofficial.tech/images/posters/kp_small/346.jpg');
INSERT INTO films (id, name_ru, name_en, year, length, rating, rating_vote_count, poster_url, poster_url_preview) VALUES (349, 'Хороший, плохой, злой', 'Il buono, il brutto, il cattivo', '1966', '02:58', '8.5', 134465, 'https://kinopoiskapiunofficial.tech/images/posters/kp/349.jpg', 'https://kinopoiskapiunofficial.tech/images/posters/kp_small/349.jpg');
INSERT INTO films (id, name_ru, name_en, year, length, rating, rating_vote_count, poster_url, poster_url_preview) VALUES (350, 'Славные парни', 'Goodfellas', '1990', '02:20', '8.1', 157902, 'https://kinopoiskapiunofficial.tech/images/posters/kp/350.jpg', 'https://kinopoiskapiunofficial.tech/images/posters/kp_small/350.jpg');
INSERT INTO films (id, name_ru, name_en, year, length, rating, rating_vote_count, poster_url, poster_url_preview) VALUES (351, 'Красота по-американски', 'American Beauty', '1999', '02:02', '8.0', 209404, 'https://kinopoiskapiunofficial.tech/images/posters/kp/351.jpg', 'https://kinopoiskapiunofficial.tech/images/posters/kp_small/351.jpg');
INSERT INTO films (id, name_ru, name_en, year, length, rating, rating_vote_count, poster_url, poster_url_preview) VALUES (355, 'Пианист', 'The Pianist', '2002', '02:29', '8.5', 257237, 'https://kinopoiskapiunofficial.tech/images/posters/kp/355.jpg', 'https://kinopoiskapiunofficial.tech/images/posters/kp_small/355.jpg');
INSERT INTO films (id, name_ru, name_en, year, length, rating, rating_vote_count, poster_url, poster_url_preview) VALUES (356, 'В джазе только девушки', 'Some Like It Hot', '1959', '01:59', '8.5', 259452, 'https://kinopoiskapiunofficial.tech/images/posters/kp/356.jpg', 'https://kinopoiskapiunofficial.tech/images/posters/kp_small/356.jpg');
INSERT INTO films (id, name_ru, name_en, year, length, rating, rating_vote_count, poster_url, poster_url_preview) VALUES (361, 'Бойцовский клуб', 'Fight Club', '1999', '02:19', '8.6', 631160, 'https://kinopoiskapiunofficial.tech/images/posters/kp/361.jpg', 'https://kinopoiskapiunofficial.tech/images/posters/kp_small/361.jpg');
INSERT INTO films (id, name_ru, name_en, year, length, rating, rating_vote_count, poster_url, poster_url_preview) VALUES (370, 'Унесённые призраками', 'Sen to Chihiro no kamikakushi', '2001', '02:05', '8.4', 391099, 'https://kinopoiskapiunofficial.tech/images/posters/kp/370.jpg', 'https://kinopoiskapiunofficial.tech/images/posters/kp_small/370.jpg');
INSERT INTO films (id, name_ru, name_en, year, length, rating, rating_vote_count, poster_url, poster_url_preview) VALUES (371, 'Спасти рядового Райана', 'Saving Private Ryan', '1998', '02:49', '8.2', 249603, 'https://kinopoiskapiunofficial.tech/images/posters/kp/371.jpg', 'https://kinopoiskapiunofficial.tech/images/posters/kp_small/371.jpg');
INSERT INTO films (id, name_ru, name_en, year, length, rating, rating_vote_count, poster_url, poster_url_preview) VALUES (377, 'Семь', 'Se7en', '1995', '02:07', '8.3', 408338, 'https://kinopoiskapiunofficial.tech/images/posters/kp/377.jpg', 'https://kinopoiskapiunofficial.tech/images/posters/kp_small/377.jpg');
INSERT INTO films (id, name_ru, name_en, year, length, rating, rating_vote_count, poster_url, poster_url_preview) VALUES (381, 'Жизнь прекрасна', 'La vita è bella', '1997', '01:56', '8.6', 214212, 'https://kinopoiskapiunofficial.tech/images/posters/kp/381.jpg', 'https://kinopoiskapiunofficial.tech/images/posters/kp_small/381.jpg');
INSERT INTO films (id, name_ru, name_en, year, length, rating, rating_vote_count, poster_url, poster_url_preview) VALUES (382, 'Американская история X', 'American History X', '1998', '01:59', '8.3', 309380, 'https://kinopoiskapiunofficial.tech/images/posters/kp/382.jpg', 'https://kinopoiskapiunofficial.tech/images/posters/kp_small/382.jpg');
INSERT INTO films (id, name_ru, name_en, year, length, rating, rating_vote_count, poster_url, poster_url_preview) VALUES (386, 'Чужой', 'Alien', '1979', '01:56', '8.1', 221716, 'https://kinopoiskapiunofficial.tech/images/posters/kp/386.jpg', 'https://kinopoiskapiunofficial.tech/images/posters/kp_small/386.jpg');
INSERT INTO films (id, name_ru, name_en, year, length, rating, rating_vote_count, poster_url, poster_url_preview) VALUES (389, 'Леон', 'Léon', '1994', '02:13', '8.7', 528088, 'https://kinopoiskapiunofficial.tech/images/posters/kp/389.jpg', 'https://kinopoiskapiunofficial.tech/images/posters/kp_small/389.jpg');
INSERT INTO films (id, name_ru, name_en, year, length, rating, rating_vote_count, poster_url, poster_url_preview) VALUES (394, 'Бешеные псы', 'Reservoir Dogs', '1991', '01:40', '8.1', 237976, 'https://kinopoiskapiunofficial.tech/images/posters/kp/394.jpg', 'https://kinopoiskapiunofficial.tech/images/posters/kp_small/394.jpg');
INSERT INTO films (id, name_ru, name_en, year, length, rating, rating_vote_count, poster_url, poster_url_preview) VALUES (399, 'Храброе сердце', 'Braveheart', '1995', '02:58', '8.3', 233483, 'https://kinopoiskapiunofficial.tech/images/posters/kp/399.jpg', 'https://kinopoiskapiunofficial.tech/images/posters/kp_small/399.jpg');
INSERT INTO films (id, name_ru, name_en, year, length, rating, rating_vote_count, poster_url, poster_url_preview) VALUES (406, 'Чужие', 'Aliens', '1986', '02:17', '8.0', 185312, 'https://kinopoiskapiunofficial.tech/images/posters/kp/406.jpg', 'https://kinopoiskapiunofficial.tech/images/posters/kp_small/406.jpg');
INSERT INTO films (id, name_ru, name_en, year, length, rating, rating_vote_count, poster_url, poster_url_preview) VALUES (430, 'Шрэк', 'Shrek', '2001', '01:30', '8.0', 439242, 'https://kinopoiskapiunofficial.tech/images/posters/kp/430.jpg', 'https://kinopoiskapiunofficial.tech/images/posters/kp_small/430.jpg');
INSERT INTO films (id, name_ru, name_en, year, length, rating, rating_vote_count, poster_url, poster_url_preview) VALUES (435, 'Зеленая миля', 'The Green Mile', '1999', '03:09', '9.1', 707150, 'https://kinopoiskapiunofficial.tech/images/posters/kp/435.jpg', 'https://kinopoiskapiunofficial.tech/images/posters/kp_small/435.jpg');
INSERT INTO films (id, name_ru, name_en, year, length, rating, rating_vote_count, poster_url, poster_url_preview) VALUES (439, 'Город бога', 'Cidade de Deus', '2002', '02:10', '8.0', 124264, 'https://kinopoiskapiunofficial.tech/images/posters/kp/439.jpg', 'https://kinopoiskapiunofficial.tech/images/posters/kp_small/439.jpg');
INSERT INTO films (id, name_ru, name_en, year, length, rating, rating_vote_count, poster_url, poster_url_preview) VALUES (441, 'Принцесса Мононоке', 'Mononoke-hime', '1997', '02:14', '8.2', 125970, 'https://kinopoiskapiunofficial.tech/images/posters/kp/441.jpg', 'https://kinopoiskapiunofficial.tech/images/posters/kp_small/441.jpg');
INSERT INTO films (id, name_ru, name_en, year, length, rating, rating_vote_count, poster_url, poster_url_preview) VALUES (444, 'Терминатор 2: Судный день', 'Terminator 2: Judgment Day', '1991', '02:17', '8.3', 372691, 'https://kinopoiskapiunofficial.tech/images/posters/kp/444.jpg', 'https://kinopoiskapiunofficial.tech/images/posters/kp_small/444.jpg');
INSERT INTO films (id, name_ru, name_en, year, length, rating, rating_vote_count, poster_url, poster_url_preview) VALUES (447, 'Звёздные войны: Эпизод 6 — Возвращение Джедая', 'Star Wars: Episode VI - Return of the Jedi', '1983', '02:11', '8.1', 230303, 'https://kinopoiskapiunofficial.tech/images/posters/kp/447.jpg', 'https://kinopoiskapiunofficial.tech/images/posters/kp_small/447.jpg');
INSERT INTO films (id, name_ru, name_en, year, length, rating, rating_vote_count, poster_url, poster_url_preview) VALUES (448, 'Форрест Гамп', 'Forrest Gump', '1994', '02:22', '8.9', 644569, 'https://kinopoiskapiunofficial.tech/images/posters/kp/448.jpg', 'https://kinopoiskapiunofficial.tech/images/posters/kp_small/448.jpg');
INSERT INTO films (id, name_ru, name_en, year, length, rating, rating_vote_count, poster_url, poster_url_preview) VALUES (456, 'Унесенные ветром', 'Gone with the Wind', '1939', '03:42', '8.4', 156143, 'https://kinopoiskapiunofficial.tech/images/posters/kp/456.jpg', 'https://kinopoiskapiunofficial.tech/images/posters/kp_small/456.jpg');
INSERT INTO films (id, name_ru, name_en, year, length, rating, rating_vote_count, poster_url, poster_url_preview) VALUES (458, 'Корпорация монстров', 'Monsters, Inc.', '2001', '01:32', '8.1', 371906, 'https://kinopoiskapiunofficial.tech/images/posters/kp/458.jpg', 'https://kinopoiskapiunofficial.tech/images/posters/kp_small/458.jpg');
INSERT INTO films (id, name_ru, name_en, year, length, rating, rating_vote_count, poster_url, poster_url_preview) VALUES (469, 'Однажды в Америке', 'Once Upon a Time in America', '1983', '03:49', '8.3', 134197, 'https://kinopoiskapiunofficial.tech/images/posters/kp/469.jpg', 'https://kinopoiskapiunofficial.tech/images/posters/kp_small/469.jpg');
INSERT INTO films (id, name_ru, name_en, year, length, rating, rating_vote_count, poster_url, poster_url_preview) VALUES (471, 'Крепкий орешек', 'Die Hard', '1988', '02:13', '8.0', 223785, 'https://kinopoiskapiunofficial.tech/images/posters/kp/471.jpg', 'https://kinopoiskapiunofficial.tech/images/posters/kp_small/471.jpg');
INSERT INTO films (id, name_ru, name_en, year, length, rating, rating_vote_count, poster_url, poster_url_preview) VALUES (472, 'Индиана Джонс и последний крестовый поход', 'Indiana Jones and the Last Crusade', '1989', '02:07', '8.1', 146017, 'https://kinopoiskapiunofficial.tech/images/posters/kp/472.jpg', 'https://kinopoiskapiunofficial.tech/images/posters/kp_small/472.jpg');
INSERT INTO films (id, name_ru, name_en, year, length, rating, rating_vote_count, poster_url, poster_url_preview) VALUES (474, 'Гладиатор', 'Gladiator', '2000', '02:35', '8.6', 473645, 'https://kinopoiskapiunofficial.tech/images/posters/kp/474.jpg', 'https://kinopoiskapiunofficial.tech/images/posters/kp_small/474.jpg');
INSERT INTO films (id, name_ru, name_en, year, length, rating, rating_vote_count, poster_url, poster_url_preview) VALUES (476, 'Назад в будущее', 'Back to the Future', '1985', '01:56', '8.6', 489505, 'https://kinopoiskapiunofficial.tech/images/posters/kp/476.jpg', 'https://kinopoiskapiunofficial.tech/images/posters/kp_small/476.jpg');
INSERT INTO films (id, name_ru, name_en, year, length, rating, rating_vote_count, poster_url, poster_url_preview) VALUES (482, 'История игрушек', 'Toy Story', '1995', '01:21', '7.9', 201301, 'https://kinopoiskapiunofficial.tech/images/posters/kp/482.jpg', 'https://kinopoiskapiunofficial.tech/images/posters/kp_small/482.jpg');
INSERT INTO films (id, name_ru, name_en, year, length, rating, rating_vote_count, poster_url, poster_url_preview) VALUES (497, 'Римские каникулы', 'Roman Holiday', '1953', '01:58', '8.3', 110398, 'https://kinopoiskapiunofficial.tech/images/posters/kp/497.jpg', 'https://kinopoiskapiunofficial.tech/images/posters/kp_small/497.jpg');
INSERT INTO films (id, name_ru, name_en, year, length, rating, rating_vote_count, poster_url, poster_url_preview) VALUES (519, 'Человек дождя', 'Rain Man', '1988', '02:13', '8.2', 256032, 'https://kinopoiskapiunofficial.tech/images/posters/kp/519.jpg', 'https://kinopoiskapiunofficial.tech/images/posters/kp_small/519.jpg');
INSERT INTO films (id, name_ru, name_en, year, length, rating, rating_vote_count, poster_url, poster_url_preview) VALUES (522, 'Карты, деньги, два ствола', 'Lock, Stock and Two Smoking Barrels', '1998', '01:47', '8.6', 420132, 'https://kinopoiskapiunofficial.tech/images/posters/kp/522.jpg', 'https://kinopoiskapiunofficial.tech/images/posters/kp_small/522.jpg');
INSERT INTO films (id, name_ru, name_en, year, length, rating, rating_vote_count, poster_url, poster_url_preview) VALUES (526, 'Большой куш', 'Snatch', '2000', '01:44', '8.5', 401441, 'https://kinopoiskapiunofficial.tech/images/posters/kp/526.jpg', 'https://kinopoiskapiunofficial.tech/images/posters/kp_small/526.jpg');
INSERT INTO films (id, name_ru, name_en, year, length, rating, rating_vote_count, poster_url, poster_url_preview) VALUES (527, 'День сурка', 'Groundhog Day', '1993', '01:41', '8.1', 360181, 'https://kinopoiskapiunofficial.tech/images/posters/kp/527.jpg', 'https://kinopoiskapiunofficial.tech/images/posters/kp_small/527.jpg');
INSERT INTO films (id, name_ru, name_en, year, length, rating, rating_vote_count, poster_url, poster_url_preview) VALUES (530, 'Игры разума', 'A Beautiful Mind', '2001', '02:15', '8.6', 431063, 'https://kinopoiskapiunofficial.tech/images/posters/kp/530.jpg', 'https://kinopoiskapiunofficial.tech/images/posters/kp_small/530.jpg');
INSERT INTO films (id, name_ru, name_en, year, length, rating, rating_vote_count, poster_url, poster_url_preview) VALUES (538, 'Стальной гигант', 'The Iron Giant', '1999', '01:26', '8.1', 100847, 'https://kinopoiskapiunofficial.tech/images/posters/kp/538.jpg', 'https://kinopoiskapiunofficial.tech/images/posters/kp_small/538.jpg');
INSERT INTO films (id, name_ru, name_en, year, length, rating, rating_vote_count, poster_url, poster_url_preview) VALUES (539, 'Умница Уилл Хантинг', 'Good Will Hunting', '1997', '02:06', '8.1', 197889, 'https://kinopoiskapiunofficial.tech/images/posters/kp/539.jpg', 'https://kinopoiskapiunofficial.tech/images/posters/kp_small/539.jpg');
INSERT INTO films (id, name_ru, name_en, year, length, rating, rating_vote_count, poster_url, poster_url_preview) VALUES (540, 'Красавица и чудовище', 'Beauty and the Beast', '1991', '01:24', '8.3', 257137, 'https://kinopoiskapiunofficial.tech/images/posters/kp/540.jpg', 'https://kinopoiskapiunofficial.tech/images/posters/kp_small/540.jpg');
INSERT INTO films (id, name_ru, name_en, year, length, rating, rating_vote_count, poster_url, poster_url_preview) VALUES (627, 'Изгой', 'Cast Away', '2000', '02:23', '8.3', 305239, 'https://kinopoiskapiunofficial.tech/images/posters/kp/627.jpg', 'https://kinopoiskapiunofficial.tech/images/posters/kp_small/627.jpg');
INSERT INTO films (id, name_ru, name_en, year, length, rating, rating_vote_count, poster_url, poster_url_preview) VALUES (661, 'Эрин Брокович', 'Erin Brockovich', '2000', '02:06', '7.8', 67471, 'https://kinopoiskapiunofficial.tech/images/posters/kp/661.jpg', 'https://kinopoiskapiunofficial.tech/images/posters/kp_small/661.jpg');
INSERT INTO films (id, name_ru, name_en, year, length, rating, rating_vote_count, poster_url, poster_url_preview) VALUES (688, 'Гарри Поттер и Тайная комната', 'Harry Potter and the Chamber of Secrets', '2002', '02:41', '8.1', 413170, 'https://kinopoiskapiunofficial.tech/images/posters/kp/688.jpg', 'https://kinopoiskapiunofficial.tech/images/posters/kp_small/688.jpg');
INSERT INTO films (id, name_ru, name_en, year, length, rating, rating_vote_count, poster_url, poster_url_preview) VALUES (689, 'Гарри Поттер и философский камень', 'Harry Potter and the Sorcerer''s Stone', '2001', '02:32', '8.2', 608399, 'https://kinopoiskapiunofficial.tech/images/posters/kp/689.jpg', 'https://kinopoiskapiunofficial.tech/images/posters/kp_small/689.jpg');
INSERT INTO films (id, name_ru, name_en, year, length, rating, rating_vote_count, poster_url, poster_url_preview) VALUES (707, 'Ледниковый период', 'Ice Age', '2002', '01:21', '8.0', 322923, 'https://kinopoiskapiunofficial.tech/images/posters/kp/707.jpg', 'https://kinopoiskapiunofficial.tech/images/posters/kp_small/707.jpg');
INSERT INTO films (id, name_ru, name_en, year, length, rating, rating_vote_count, poster_url, poster_url_preview) VALUES (738, 'Жизнь Дэвида Гейла', 'The Life of David Gale', '2002', '02:10', '8.1', 169550, 'https://kinopoiskapiunofficial.tech/images/posters/kp/738.jpg', 'https://kinopoiskapiunofficial.tech/images/posters/kp_small/738.jpg');
INSERT INTO films (id, name_ru, name_en, year, length, rating, rating_vote_count, poster_url, poster_url_preview) VALUES (751, 'Военный ныряльщик', 'Men of Honor', '2000', '02:09', '8.1', 103229, 'https://kinopoiskapiunofficial.tech/images/posters/kp/751.jpg', 'https://kinopoiskapiunofficial.tech/images/posters/kp_small/751.jpg');
INSERT INTO films (id, name_ru, name_en, year, length, rating, rating_vote_count, poster_url, poster_url_preview) VALUES (782, 'Заплати другому', 'Pay It Forward', '2000', '02:03', '8.1', 141760, 'https://kinopoiskapiunofficial.tech/images/posters/kp/782.jpg', 'https://kinopoiskapiunofficial.tech/images/posters/kp_small/782.jpg');
INSERT INTO films (id, name_ru, name_en, year, length, rating, rating_vote_count, poster_url, poster_url_preview) VALUES (838, 'Человек-паук', 'Spider-Man', '2002', '02:01', '7.6', 291831, 'https://kinopoiskapiunofficial.tech/images/posters/kp/838.jpg', 'https://kinopoiskapiunofficial.tech/images/posters/kp_small/838.jpg');
INSERT INTO films (id, name_ru, name_en, year, length, rating, rating_vote_count, poster_url, poster_url_preview) VALUES (839, 'Спирит: Душа прерий', 'Spirit: Stallion of the Cimarron', '2002', '01:23', '8.1', 96819, 'https://kinopoiskapiunofficial.tech/images/posters/kp/839.jpg', 'https://kinopoiskapiunofficial.tech/images/posters/kp_small/839.jpg');
INSERT INTO films (id, name_ru, name_en, year, length, rating, rating_vote_count, poster_url, poster_url_preview) VALUES (864, 'Планета сокровищ', 'Treasure Planet', '2002', '01:35', '8.1', 63160, 'https://kinopoiskapiunofficial.tech/images/posters/kp/864.jpg', 'https://kinopoiskapiunofficial.tech/images/posters/kp_small/864.jpg');
INSERT INTO films (id, name_ru, name_en, year, length, rating, rating_vote_count, poster_url, poster_url_preview) VALUES (1091, 'Люди в черном', 'Men in Black', '1997', '01:38', '8.0', 307787, 'https://kinopoiskapiunofficial.tech/images/posters/kp/1091.jpg', 'https://kinopoiskapiunofficial.tech/images/posters/kp_small/1091.jpg');
INSERT INTO films (id, name_ru, name_en, year, length, rating, rating_vote_count, poster_url, poster_url_preview) VALUES (1846, 'Небесный замок Лапута', 'Tenkû no shiro Rapyuta', '1986', '02:05', '8.2', 56594, 'https://kinopoiskapiunofficial.tech/images/posters/kp/1846.jpg', 'https://kinopoiskapiunofficial.tech/images/posters/kp_small/1846.jpg');
INSERT INTO films (id, name_ru, name_en, year, length, rating, rating_vote_count, poster_url, poster_url_preview) VALUES (1991, 'Привидение', 'Ghost', '1990', '02:07', '8.2', 233876, 'https://kinopoiskapiunofficial.tech/images/posters/kp/1991.jpg', 'https://kinopoiskapiunofficial.tech/images/posters/kp_small/1991.jpg');
INSERT INTO films (id, name_ru, name_en, year, length, rating, rating_vote_count, poster_url, poster_url_preview) VALUES (2213, 'Титаник', 'Titanic', '1997', '03:14', '8.4', 590525, 'https://kinopoiskapiunofficial.tech/images/posters/kp/2213.jpg', 'https://kinopoiskapiunofficial.tech/images/posters/kp_small/2213.jpg');
INSERT INTO films (id, name_ru, name_en, year, length, rating, rating_vote_count, poster_url, poster_url_preview) VALUES (2360, 'Король Лев', 'The Lion King', '1994', '01:28', '8.8', 543369, 'https://kinopoiskapiunofficial.tech/images/posters/kp/2360.jpg', 'https://kinopoiskapiunofficial.tech/images/posters/kp_small/2360.jpg');
INSERT INTO films (id, name_ru, name_en, year, length, rating, rating_vote_count, poster_url, poster_url_preview) VALUES (2361, 'Аладдин', 'Aladdin', '1992', '01:30', '8.1', 245063, 'https://kinopoiskapiunofficial.tech/images/posters/kp/2361.jpg', 'https://kinopoiskapiunofficial.tech/images/posters/kp_small/2361.jpg');
INSERT INTO films (id, name_ru, name_en, year, length, rating, rating_vote_count, poster_url, poster_url_preview) VALUES (2428, 'Ведьмина служба доставки', 'Majo no takkyûbin', '1989', '01:43', '8.1', 71741, 'https://kinopoiskapiunofficial.tech/images/posters/kp/2428.jpg', 'https://kinopoiskapiunofficial.tech/images/posters/kp_small/2428.jpg');
INSERT INTO films (id, name_ru, name_en, year, length, rating, rating_vote_count, poster_url, poster_url_preview) VALUES (2494, 'Казино', 'Casino', '1995', '02:51', '8.1', 131373, 'https://kinopoiskapiunofficial.tech/images/posters/kp/2494.jpg', 'https://kinopoiskapiunofficial.tech/images/posters/kp_small/2494.jpg');
INSERT INTO films (id, name_ru, name_en, year, length, rating, rating_vote_count, poster_url, poster_url_preview) VALUES (2513, 'Анастасия', 'Anastasia', '1997', '01:34', '8.1', 152332, 'https://kinopoiskapiunofficial.tech/images/posters/kp/2513.jpg', 'https://kinopoiskapiunofficial.tech/images/posters/kp_small/2513.jpg');
INSERT INTO films (id, name_ru, name_en, year, length, rating, rating_vote_count, poster_url, poster_url_preview) VALUES (2656, 'Пятый элемент', 'The Fifth Element', '1997', '02:06', '8.1', 426900, 'https://kinopoiskapiunofficial.tech/images/posters/kp/2656.jpg', 'https://kinopoiskapiunofficial.tech/images/posters/kp_small/2656.jpg');
INSERT INTO films (id, name_ru, name_en, year, length, rating, rating_vote_count, poster_url, poster_url_preview) VALUES (2950, 'Пробуждение', 'Awakenings', '1990', '02:01', '8.4', 143053, 'https://kinopoiskapiunofficial.tech/images/posters/kp/2950.jpg', 'https://kinopoiskapiunofficial.tech/images/posters/kp_small/2950.jpg');
INSERT INTO films (id, name_ru, name_en, year, length, rating, rating_vote_count, poster_url, poster_url_preview) VALUES (3442, 'Троя', 'Troy', '2004', '02:43', '8.0', 257337, 'https://kinopoiskapiunofficial.tech/images/posters/kp/3442.jpg', 'https://kinopoiskapiunofficial.tech/images/posters/kp_small/3442.jpg');
INSERT INTO films (id, name_ru, name_en, year, length, rating, rating_vote_count, poster_url, poster_url_preview) VALUES (3498, 'Властелин колец: Возвращение короля', 'The Lord of the Rings: The Return of the King', '2003', '03:21', '8.6', 492576, 'https://kinopoiskapiunofficial.tech/images/posters/kp/3498.jpg', 'https://kinopoiskapiunofficial.tech/images/posters/kp_small/3498.jpg');
INSERT INTO films (id, name_ru, name_en, year, length, rating, rating_vote_count, poster_url, poster_url_preview) VALUES (3563, 'Трасса 60', 'Interstate 60', '2001', '01:56', '8.0', 262254, 'https://kinopoiskapiunofficial.tech/images/posters/kp/3563.jpg', 'https://kinopoiskapiunofficial.tech/images/posters/kp_small/3563.jpg');
INSERT INTO films (id, name_ru, name_en, year, length, rating, rating_vote_count, poster_url, poster_url_preview) VALUES (3793, 'Константин: Повелитель тьмы', 'Constantine', '2005', '02:01', '7.8', 354450, 'https://kinopoiskapiunofficial.tech/images/posters/kp/3793.jpg', 'https://kinopoiskapiunofficial.tech/images/posters/kp_small/3793.jpg');
INSERT INTO films (id, name_ru, name_en, year, length, rating, rating_vote_count, poster_url, poster_url_preview) VALUES (3797, 'Адвокат дьявола', 'The Devil''s Advocate', '1997', '02:24', '8.2', 342871, 'https://kinopoiskapiunofficial.tech/images/posters/kp/3797.jpg', 'https://kinopoiskapiunofficial.tech/images/posters/kp_small/3797.jpg');
INSERT INTO films (id, name_ru, name_en, year, length, rating, rating_vote_count, poster_url, poster_url_preview) VALUES (4374, 'Пираты Карибского моря: Проклятие Черной жемчужины', 'Pirates of the Caribbean: The Curse of the Black Pearl', '2003', '02:23', '8.3', 607587, 'https://kinopoiskapiunofficial.tech/images/posters/kp/4374.jpg', 'https://kinopoiskapiunofficial.tech/images/posters/kp_small/4374.jpg');
INSERT INTO films (id, name_ru, name_en, year, length, rating, rating_vote_count, poster_url, poster_url_preview) VALUES (4541, 'Шоу Трумана', 'The Truman Show', '1998', '01:43', '8.3', 362184, 'https://kinopoiskapiunofficial.tech/images/posters/kp/4541.jpg', 'https://kinopoiskapiunofficial.tech/images/posters/kp_small/4541.jpg');
INSERT INTO films (id, name_ru, name_en, year, length, rating, rating_vote_count, poster_url, poster_url_preview) VALUES (4695, 'Лицо со шрамом', 'Scarface', '1983', '02:50', '8.2', 184644, 'https://kinopoiskapiunofficial.tech/images/posters/kp/4695.jpg', 'https://kinopoiskapiunofficial.tech/images/posters/kp_small/4695.jpg');
INSERT INTO films (id, name_ru, name_en, year, length, rating, rating_vote_count, poster_url, poster_url_preview) VALUES (4871, 'Запах женщины', 'Scent of a Woman', '1992', '02:36', '8.4', 223032, 'https://kinopoiskapiunofficial.tech/images/posters/kp/4871.jpg', 'https://kinopoiskapiunofficial.tech/images/posters/kp_small/4871.jpg');
INSERT INTO films (id, name_ru, name_en, year, length, rating, rating_vote_count, poster_url, poster_url_preview) VALUES (4996, 'Общество мертвых поэтов', 'Dead Poets Society', '1989', '02:08', '8.2', 166240, 'https://kinopoiskapiunofficial.tech/images/posters/kp/4996.jpg', 'https://kinopoiskapiunofficial.tech/images/posters/kp_small/4996.jpg');
INSERT INTO films (id, name_ru, name_en, year, length, rating, rating_vote_count, poster_url, poster_url_preview) VALUES (5012, 'Гаттака', 'Gattaca', '1997', '01:46', '8.0', 155208, 'https://kinopoiskapiunofficial.tech/images/posters/kp/5012.jpg', 'https://kinopoiskapiunofficial.tech/images/posters/kp_small/5012.jpg');
INSERT INTO films (id, name_ru, name_en, year, length, rating, rating_vote_count, poster_url, poster_url_preview) VALUES (5059, 'Знакомьтесь, Джо Блэк', 'Meet Joe Black', '1998', '02:58', '8.0', 234104, 'https://kinopoiskapiunofficial.tech/images/posters/kp/5059.jpg', 'https://kinopoiskapiunofficial.tech/images/posters/kp_small/5059.jpg');
INSERT INTO films (id, name_ru, name_en, year, length, rating, rating_vote_count, poster_url, poster_url_preview) VALUES (5167, 'Эффект бабочки', 'The Butterfly Effect', '2003', '01:53', '8.2', 424858, 'https://kinopoiskapiunofficial.tech/images/posters/kp/5167.jpg', 'https://kinopoiskapiunofficial.tech/images/posters/kp_small/5167.jpg');
INSERT INTO films (id, name_ru, name_en, year, length, rating, rating_vote_count, poster_url, poster_url_preview) VALUES (5273, 'Шрэк 2', 'Shrek 2', '2004', '01:33', '7.7', 220355, 'https://kinopoiskapiunofficial.tech/images/posters/kp/5273.jpg', 'https://kinopoiskapiunofficial.tech/images/posters/kp_small/5273.jpg');
INSERT INTO films (id, name_ru, name_en, year, length, rating, rating_vote_count, poster_url, poster_url_preview) VALUES (5277, 'Мулан', 'Mulan', '1998', '01:24', '8.1', 214140, 'https://kinopoiskapiunofficial.tech/images/posters/kp/5277.jpg', 'https://kinopoiskapiunofficial.tech/images/posters/kp_small/5277.jpg');
INSERT INTO films (id, name_ru, name_en, year, length, rating, rating_vote_count, poster_url, poster_url_preview) VALUES (5492, 'Вечное сияние чистого разума', 'Eternal Sunshine of the Spotless Mind', '2004', '01:48', '8.0', 360433, 'https://kinopoiskapiunofficial.tech/images/posters/kp/5492.jpg', 'https://kinopoiskapiunofficial.tech/images/posters/kp_small/5492.jpg');
INSERT INTO films (id, name_ru, name_en, year, length, rating, rating_vote_count, poster_url, poster_url_preview) VALUES (5502, 'Назад в будущее 2', 'Back to the Future Part II', '1989', '01:48', '8.3', 339958, 'https://kinopoiskapiunofficial.tech/images/posters/kp/5502.jpg', 'https://kinopoiskapiunofficial.tech/images/posters/kp_small/5502.jpg');
INSERT INTO films (id, name_ru, name_en, year, length, rating, rating_vote_count, poster_url, poster_url_preview) VALUES (5619, 'Звёздные войны: Эпизод 3 — Месть ситхов', 'Star Wars: Episode III - Revenge of the Sith', '2005', '02:20', '8.1', 288043, 'https://kinopoiskapiunofficial.tech/images/posters/kp/5619.jpg', 'https://kinopoiskapiunofficial.tech/images/posters/kp_small/5619.jpg');
INSERT INTO films (id, name_ru, name_en, year, length, rating, rating_vote_count, poster_url, poster_url_preview) VALUES (5928, 'Один дома 2: Затерянный в Нью-Йорке', 'Home Alone 2: Lost in New York', '1992', '01:59', '8.0', 262915, 'https://kinopoiskapiunofficial.tech/images/posters/kp/5928.jpg', 'https://kinopoiskapiunofficial.tech/images/posters/kp_small/5928.jpg');
INSERT INTO films (id, name_ru, name_en, year, length, rating, rating_vote_count, poster_url, poster_url_preview) VALUES (6006, 'Мадагаскар', 'Madagascar', '2005', '01:26', '7.9', 260395, 'https://kinopoiskapiunofficial.tech/images/posters/kp/6006.jpg', 'https://kinopoiskapiunofficial.tech/images/posters/kp_small/6006.jpg');
INSERT INTO films (id, name_ru, name_en, year, length, rating, rating_vote_count, poster_url, poster_url_preview) VALUES (6039, 'Маска', 'The Mask', '1994', '01:41', '8.0', 342757, 'https://kinopoiskapiunofficial.tech/images/posters/kp/6039.jpg', 'https://kinopoiskapiunofficial.tech/images/posters/kp_small/6039.jpg');
INSERT INTO films (id, name_ru, name_en, year, length, rating, rating_vote_count, poster_url, poster_url_preview) VALUES (6695, 'Звёздные войны: Эпизод 1 — Скрытая угроза', 'Star Wars: Episode I - The Phantom Menace', '1999', '02:16', '7.9', 262136, 'https://kinopoiskapiunofficial.tech/images/posters/kp/6695.jpg', 'https://kinopoiskapiunofficial.tech/images/posters/kp_small/6695.jpg');
INSERT INTO films (id, name_ru, name_en, year, length, rating, rating_vote_count, poster_url, poster_url_preview) VALUES (6764, 'Последний самурай', 'The Last Samurai', '2003', '02:34', '8.1', 168423, 'https://kinopoiskapiunofficial.tech/images/posters/kp/6764.jpg', 'https://kinopoiskapiunofficial.tech/images/posters/kp_small/6764.jpg');
INSERT INTO films (id, name_ru, name_en, year, length, rating, rating_vote_count, poster_url, poster_url_preview) VALUES (6877, 'Терминал', 'The Terminal', '2004', '02:04', '8.1', 270347, 'https://kinopoiskapiunofficial.tech/images/posters/kp/6877.jpg', 'https://kinopoiskapiunofficial.tech/images/posters/kp_small/6877.jpg');
INSERT INTO films (id, name_ru, name_en, year, length, rating, rating_vote_count, poster_url, poster_url_preview) VALUES (7097, 'Балто', 'Balto', '1995', '01:11', '8.3', 160850, 'https://kinopoiskapiunofficial.tech/images/posters/kp/7097.jpg', 'https://kinopoiskapiunofficial.tech/images/posters/kp_small/7097.jpg');
INSERT INTO films (id, name_ru, name_en, year, length, rating, rating_vote_count, poster_url, poster_url_preview) VALUES (7103, 'Назад в будущее 3', 'Back to the Future Part III', '1990', '01:58', '8.2', 286533, 'https://kinopoiskapiunofficial.tech/images/posters/kp/7103.jpg', 'https://kinopoiskapiunofficial.tech/images/posters/kp_small/7103.jpg');
INSERT INTO films (id, name_ru, name_en, year, length, rating, rating_vote_count, poster_url, poster_url_preview) VALUES (7226, 'Догвилль', 'Dogville', '2003', '02:58', '7.9', 124413, 'https://kinopoiskapiunofficial.tech/images/posters/kp/7226.jpg', 'https://kinopoiskapiunofficial.tech/images/posters/kp_small/7226.jpg');
INSERT INTO films (id, name_ru, name_en, year, length, rating, rating_vote_count, poster_url, poster_url_preview) VALUES (7640, 'Двухсотлетний человек', 'Bicentennial Man', '1999', '02:06', '8.0', 123957, 'https://kinopoiskapiunofficial.tech/images/posters/kp/7640.jpg', 'https://kinopoiskapiunofficial.tech/images/posters/kp_small/7640.jpg');
INSERT INTO films (id, name_ru, name_en, year, length, rating, rating_vote_count, poster_url, poster_url_preview) VALUES (7724, 'Летят журавли', null, '1957', '01:35', '8.3', 93339, 'https://kinopoiskapiunofficial.tech/images/posters/kp/7724.jpg', 'https://kinopoiskapiunofficial.tech/images/posters/kp_small/7724.jpg');
INSERT INTO films (id, name_ru, name_en, year, length, rating, rating_vote_count, poster_url, poster_url_preview) VALUES (7908, 'В поисках Немо', 'Finding Nemo', '2003', '01:41', '7.9', 243012, 'https://kinopoiskapiunofficial.tech/images/posters/kp/7908.jpg', 'https://kinopoiskapiunofficial.tech/images/posters/kp_small/7908.jpg');
INSERT INTO films (id, name_ru, name_en, year, length, rating, rating_vote_count, poster_url, poster_url_preview) VALUES (8124, 'Один дома', 'Home Alone', '1990', '01:43', '8.2', 591620, 'https://kinopoiskapiunofficial.tech/images/posters/kp/8124.jpg', 'https://kinopoiskapiunofficial.tech/images/posters/kp_small/8124.jpg');
INSERT INTO films (id, name_ru, name_en, year, length, rating, rating_vote_count, poster_url, poster_url_preview) VALUES (8125, 'Красотка', 'Pretty Woman', '1990', '01:55', '8.0', 233230, 'https://kinopoiskapiunofficial.tech/images/posters/kp/8125.jpg', 'https://kinopoiskapiunofficial.tech/images/posters/kp_small/8125.jpg');
INSERT INTO films (id, name_ru, name_en, year, length, rating, rating_vote_count, poster_url, poster_url_preview) VALUES (8221, 'Мой сосед Тоторо', 'Tonari no Totoro', '1988', '01:26', '8.2', 153320, 'https://kinopoiskapiunofficial.tech/images/posters/kp/8221.jpg', 'https://kinopoiskapiunofficial.tech/images/posters/kp_small/8221.jpg');
INSERT INTO films (id, name_ru, name_en, year, length, rating, rating_vote_count, poster_url, poster_url_preview) VALUES (9691, 'Бесславные ублюдки', 'Inglourious Basterds', '2009', '02:33', '7.9', 356069, 'https://kinopoiskapiunofficial.tech/images/posters/kp/9691.jpg', 'https://kinopoiskapiunofficial.tech/images/posters/kp_small/9691.jpg');
INSERT INTO films (id, name_ru, name_en, year, length, rating, rating_vote_count, poster_url, poster_url_preview) VALUES (10179, 'Блеф', 'Bluff storia di truffe e di imbroglioni', '1976', '01:50', '8.2', 102295, 'https://kinopoiskapiunofficial.tech/images/posters/kp/10179.jpg', 'https://kinopoiskapiunofficial.tech/images/posters/kp_small/10179.jpg');
INSERT INTO films (id, name_ru, name_en, year, length, rating, rating_vote_count, poster_url, poster_url_preview) VALUES (12198, 'Игра', 'The Game', '1997', '02:09', '8.3', 302585, 'https://kinopoiskapiunofficial.tech/images/posters/kp/12198.jpg', 'https://kinopoiskapiunofficial.tech/images/posters/kp_small/12198.jpg');
INSERT INTO films (id, name_ru, name_en, year, length, rating, rating_vote_count, poster_url, poster_url_preview) VALUES (14349, 'Такси', 'Taxi', '1998', '01:26', '7.9', 229547, 'https://kinopoiskapiunofficial.tech/images/posters/kp/14349.jpg', 'https://kinopoiskapiunofficial.tech/images/posters/kp_small/14349.jpg');
INSERT INTO films (id, name_ru, name_en, year, length, rating, rating_vote_count, poster_url, poster_url_preview) VALUES (16115, 'За бортом', 'Overboard', '1987', '01:52', '8.0', 94542, 'https://kinopoiskapiunofficial.tech/images/posters/kp/16115.jpg', 'https://kinopoiskapiunofficial.tech/images/posters/kp_small/16115.jpg');
INSERT INTO films (id, name_ru, name_en, year, length, rating, rating_vote_count, poster_url, poster_url_preview) VALUES (24705, 'Доспехи Бога', 'Lung hing foo dai', '1986', '01:28', '7.8', 79024, 'https://kinopoiskapiunofficial.tech/images/posters/kp/24705.jpg', 'https://kinopoiskapiunofficial.tech/images/posters/kp_small/24705.jpg');
INSERT INTO films (id, name_ru, name_en, year, length, rating, rating_vote_count, poster_url, poster_url_preview) VALUES (25108, 'В бой идут одни «старики»', null, '1973', '01:27', '8.7', 367815, 'https://kinopoiskapiunofficial.tech/images/posters/kp/25108.jpg', 'https://kinopoiskapiunofficial.tech/images/posters/kp_small/25108.jpg');
INSERT INTO films (id, name_ru, name_en, year, length, rating, rating_vote_count, poster_url, poster_url_preview) VALUES (32898, 'Достучаться до небес', 'Knockin'' on Heaven''s Door', '1997', '01:27', '8.6', 461183, 'https://kinopoiskapiunofficial.tech/images/posters/kp/32898.jpg', 'https://kinopoiskapiunofficial.tech/images/posters/kp_small/32898.jpg');
INSERT INTO films (id, name_ru, name_en, year, length, rating, rating_vote_count, poster_url, poster_url_preview) VALUES (39259, 'Профессионал', 'Le professionnel', '1981', '01:48', '8.1', 97448, 'https://kinopoiskapiunofficial.tech/images/posters/kp/39259.jpg', 'https://kinopoiskapiunofficial.tech/images/posters/kp_small/39259.jpg');
INSERT INTO films (id, name_ru, name_en, year, length, rating, rating_vote_count, poster_url, poster_url_preview) VALUES (41431, 'Война', null, '2002', '02:00', '7.9', 94770, 'https://kinopoiskapiunofficial.tech/images/posters/kp/41431.jpg', 'https://kinopoiskapiunofficial.tech/images/posters/kp_small/41431.jpg');
INSERT INTO films (id, name_ru, name_en, year, length, rating, rating_vote_count, poster_url, poster_url_preview) VALUES (41519, 'Брат', null, '1997', '01:40', '8.2', 748076, 'https://kinopoiskapiunofficial.tech/images/posters/kp/41519.jpg', 'https://kinopoiskapiunofficial.tech/images/posters/kp_small/41519.jpg');
INSERT INTO films (id, name_ru, name_en, year, length, rating, rating_vote_count, poster_url, poster_url_preview) VALUES (41520, 'Брат 2', null, '2000', '02:07', '8.1', 631553, 'https://kinopoiskapiunofficial.tech/images/posters/kp/41520.jpg', 'https://kinopoiskapiunofficial.tech/images/posters/kp_small/41520.jpg');
INSERT INTO films (id, name_ru, name_en, year, length, rating, rating_vote_count, poster_url, poster_url_preview) VALUES (42172, 'Тайна третьей планеты', null, '1981', '00:50', '8.1', 93206, 'https://kinopoiskapiunofficial.tech/images/posters/kp/42172.jpg', 'https://kinopoiskapiunofficial.tech/images/posters/kp_small/42172.jpg');
INSERT INTO films (id, name_ru, name_en, year, length, rating, rating_vote_count, poster_url, poster_url_preview) VALUES (42571, 'Иди и смотри', null, '1985', '02:16', '8.1', 74544, 'https://kinopoiskapiunofficial.tech/images/posters/kp/42571.jpg', 'https://kinopoiskapiunofficial.tech/images/posters/kp_small/42571.jpg');
INSERT INTO films (id, name_ru, name_en, year, length, rating, rating_vote_count, poster_url, poster_url_preview) VALUES (42664, 'Иван Васильевич меняет профессию', null, '1973', '01:28', '8.8', 706966, 'https://kinopoiskapiunofficial.tech/images/posters/kp/42664.jpg', 'https://kinopoiskapiunofficial.tech/images/posters/kp_small/42664.jpg');
INSERT INTO films (id, name_ru, name_en, year, length, rating, rating_vote_count, poster_url, poster_url_preview) VALUES (42736, 'Офицеры', null, '1971', '01:31', '8.5', 151535, 'https://kinopoiskapiunofficial.tech/images/posters/kp/42736.jpg', 'https://kinopoiskapiunofficial.tech/images/posters/kp_small/42736.jpg');
INSERT INTO films (id, name_ru, name_en, year, length, rating, rating_vote_count, poster_url, poster_url_preview) VALUES (42770, 'Они сражались за Родину', null, '1975', '02:40', '8.4', 142869, 'https://kinopoiskapiunofficial.tech/images/posters/kp/42770.jpg', 'https://kinopoiskapiunofficial.tech/images/posters/kp_small/42770.jpg');
INSERT INTO films (id, name_ru, name_en, year, length, rating, rating_vote_count, poster_url, poster_url_preview) VALUES (42782, 'Операция «Ы» и другие приключения Шурика', null, '1965', '01:35', '8.7', 631586, 'https://kinopoiskapiunofficial.tech/images/posters/kp/42782.jpg', 'https://kinopoiskapiunofficial.tech/images/posters/kp_small/42782.jpg');
INSERT INTO films (id, name_ru, name_en, year, length, rating, rating_vote_count, poster_url, poster_url_preview) VALUES (43395, '...А зори здесь тихие', null, '1972', '02:40', '8.5', 199038, 'https://kinopoiskapiunofficial.tech/images/posters/kp/43395.jpg', 'https://kinopoiskapiunofficial.tech/images/posters/kp_small/43395.jpg');
INSERT INTO films (id, name_ru, name_en, year, length, rating, rating_vote_count, poster_url, poster_url_preview) VALUES (43869, 'Служебный роман', null, '1977', '02:39', '8.3', 350215, 'https://kinopoiskapiunofficial.tech/images/posters/kp/43869.jpg', 'https://kinopoiskapiunofficial.tech/images/posters/kp_small/43869.jpg');
INSERT INTO films (id, name_ru, name_en, year, length, rating, rating_vote_count, poster_url, poster_url_preview) VALUES (44027, 'Судьба человека', null, '1959', '01:37', '8.4', 96173, 'https://kinopoiskapiunofficial.tech/images/posters/kp/44027.jpg', 'https://kinopoiskapiunofficial.tech/images/posters/kp_small/44027.jpg');
INSERT INTO films (id, name_ru, name_en, year, length, rating, rating_vote_count, poster_url, poster_url_preview) VALUES (44168, 'Девчата', null, '1962', '01:32', '8.4', 368839, 'https://kinopoiskapiunofficial.tech/images/posters/kp/44168.jpg', 'https://kinopoiskapiunofficial.tech/images/posters/kp_small/44168.jpg');
INSERT INTO films (id, name_ru, name_en, year, length, rating, rating_vote_count, poster_url, poster_url_preview) VALUES (44238, 'Добро пожаловать, или Посторонним вход воспрещен', null, '1964', '01:11', '8.3', 154733, 'https://kinopoiskapiunofficial.tech/images/posters/kp/44238.jpg', 'https://kinopoiskapiunofficial.tech/images/posters/kp_small/44238.jpg');
INSERT INTO films (id, name_ru, name_en, year, length, rating, rating_vote_count, poster_url, poster_url_preview) VALUES (44386, 'Джентльмены удачи', null, '1971', '01:24', '8.5', 507173, 'https://kinopoiskapiunofficial.tech/images/posters/kp/44386.jpg', 'https://kinopoiskapiunofficial.tech/images/posters/kp_small/44386.jpg');
INSERT INTO films (id, name_ru, name_en, year, length, rating, rating_vote_count, poster_url, poster_url_preview) VALUES (44745, 'Кавказская пленница, или Новые приключения Шурика', null, '1966', '01:22', '8.5', 476707, 'https://kinopoiskapiunofficial.tech/images/posters/kp/44745.jpg', 'https://kinopoiskapiunofficial.tech/images/posters/kp_small/44745.jpg');
INSERT INTO films (id, name_ru, name_en, year, length, rating, rating_vote_count, poster_url, poster_url_preview) VALUES (45146, 'Любовь и голуби', null, '1984', '01:47', '8.3', 595976, 'https://kinopoiskapiunofficial.tech/images/posters/kp/45146.jpg', 'https://kinopoiskapiunofficial.tech/images/posters/kp_small/45146.jpg');
INSERT INTO films (id, name_ru, name_en, year, length, rating, rating_vote_count, poster_url, poster_url_preview) VALUES (45660, 'Вам и не снилось...', null, '1980', '01:26', '8.2', 98899, 'https://kinopoiskapiunofficial.tech/images/posters/kp/45660.jpg', 'https://kinopoiskapiunofficial.tech/images/posters/kp_small/45660.jpg');
INSERT INTO films (id, name_ru, name_en, year, length, rating, rating_vote_count, poster_url, poster_url_preview) VALUES (46068, 'Белый Бим Черное ухо', null, '1976', '03:03', '8.4', 98953, 'https://kinopoiskapiunofficial.tech/images/posters/kp/46068.jpg', 'https://kinopoiskapiunofficial.tech/images/posters/kp_small/46068.jpg');
INSERT INTO films (id, name_ru, name_en, year, length, rating, rating_vote_count, poster_url, poster_url_preview) VALUES (46089, 'Берегись автомобиля', null, '1966', '01:34', '8.2', 143691, 'https://kinopoiskapiunofficial.tech/images/posters/kp/46089.jpg', 'https://kinopoiskapiunofficial.tech/images/posters/kp_small/46089.jpg');
INSERT INTO films (id, name_ru, name_en, year, length, rating, rating_vote_count, poster_url, poster_url_preview) VALUES (46225, 'Бриллиантовая рука', null, '1968', '01:34', '8.5', 510610, 'https://kinopoiskapiunofficial.tech/images/posters/kp/46225.jpg', 'https://kinopoiskapiunofficial.tech/images/posters/kp_small/46225.jpg');
INSERT INTO films (id, name_ru, name_en, year, length, rating, rating_vote_count, poster_url, poster_url_preview) VALUES (46638, 'Мимино', null, '1977', '01:32', '8.1', 106312, 'https://kinopoiskapiunofficial.tech/images/posters/kp/46638.jpg', 'https://kinopoiskapiunofficial.tech/images/posters/kp_small/46638.jpg');
INSERT INTO films (id, name_ru, name_en, year, length, rating, rating_vote_count, poster_url, poster_url_preview) VALUES (46708, 'Москва слезам не верит', null, '1979', '02:30', '8.4', 423455, 'https://kinopoiskapiunofficial.tech/images/posters/kp/46708.jpg', 'https://kinopoiskapiunofficial.tech/images/posters/kp_small/46708.jpg');
INSERT INTO films (id, name_ru, name_en, year, length, rating, rating_vote_count, poster_url, poster_url_preview) VALUES (46789, '12 стульев', null, '1971', '02:33', '8.2', 202358, 'https://kinopoiskapiunofficial.tech/images/posters/kp/46789.jpg', 'https://kinopoiskapiunofficial.tech/images/posters/kp_small/46789.jpg');
INSERT INTO films (id, name_ru, name_en, year, length, rating, rating_vote_count, poster_url, poster_url_preview) VALUES (49684, 'Ходячий замок', 'Hauru no ugoku shiro', '2004', '01:59', '8.3', 278723, 'https://kinopoiskapiunofficial.tech/images/posters/kp/49684.jpg', 'https://kinopoiskapiunofficial.tech/images/posters/kp_small/49684.jpg');
INSERT INTO films (id, name_ru, name_en, year, length, rating, rating_vote_count, poster_url, poster_url_preview) VALUES (61237, 'Железный человек', 'Iron Man', '2008', '02:01', '7.9', 430282, 'https://kinopoiskapiunofficial.tech/images/posters/kp/61237.jpg', 'https://kinopoiskapiunofficial.tech/images/posters/kp_small/61237.jpg');
INSERT INTO films (id, name_ru, name_en, year, length, rating, rating_vote_count, poster_url, poster_url_preview) VALUES (63912, 'Укрощение строптивого', 'Il bisbetico domato', '1980', '01:47', '8.4', 258300, 'https://kinopoiskapiunofficial.tech/images/posters/kp/63912.jpg', 'https://kinopoiskapiunofficial.tech/images/posters/kp_small/63912.jpg');
INSERT INTO films (id, name_ru, name_en, year, length, rating, rating_vote_count, poster_url, poster_url_preview) VALUES (63991, 'Пираты Карибского моря: Сундук мертвеца', 'Pirates of the Caribbean: Dead Man''s Chest', '2006', '02:31', '8.1', 428522, 'https://kinopoiskapiunofficial.tech/images/posters/kp/63991.jpg', 'https://kinopoiskapiunofficial.tech/images/posters/kp_small/63991.jpg');
INSERT INTO films (id, name_ru, name_en, year, length, rating, rating_vote_count, poster_url, poster_url_preview) VALUES (77132, 'Мемуары гейши', 'Memoirs of a Geisha', '2005', '02:25', '8.0', 129559, 'https://kinopoiskapiunofficial.tech/images/posters/kp/77132.jpg', 'https://kinopoiskapiunofficial.tech/images/posters/kp_small/77132.jpg');
INSERT INTO films (id, name_ru, name_en, year, length, rating, rating_vote_count, poster_url, poster_url_preview) VALUES (77263, 'Приключения Шерлока Холмса и доктора Ватсона: Собака Баскервилей', null, '1981', '02:34', '8.6', 168920, 'https://kinopoiskapiunofficial.tech/images/posters/kp/77263.jpg', 'https://kinopoiskapiunofficial.tech/images/posters/kp_small/77263.jpg');
INSERT INTO films (id, name_ru, name_en, year, length, rating, rating_vote_count, poster_url, poster_url_preview) VALUES (77264, 'Шерлок Холмс и доктор Ватсон: Сокровища Агры', null, '1983', '02:31', '8.3', 88431, 'https://kinopoiskapiunofficial.tech/images/posters/kp/77264.jpg', 'https://kinopoiskapiunofficial.tech/images/posters/kp_small/77264.jpg');
INSERT INTO films (id, name_ru, name_en, year, length, rating, rating_vote_count, poster_url, poster_url_preview) VALUES (77265, 'Шерлок Холмс и доктор Ватсон: Кровавая надпись', null, '1979', '01:06', '8.4', 101810, 'https://kinopoiskapiunofficial.tech/images/posters/kp/77265.jpg', 'https://kinopoiskapiunofficial.tech/images/posters/kp_small/77265.jpg');
INSERT INTO films (id, name_ru, name_en, year, length, rating, rating_vote_count, poster_url, poster_url_preview) VALUES (77269, 'Шерлок Холмс и доктор Ватсон: Знакомство', null, '1979', '01:08', '8.6', 136053, 'https://kinopoiskapiunofficial.tech/images/posters/kp/77269.jpg', 'https://kinopoiskapiunofficial.tech/images/posters/kp_small/77269.jpg');
INSERT INTO films (id, name_ru, name_en, year, length, rating, rating_vote_count, poster_url, poster_url_preview) VALUES (77283, 'Тот самый Мюнхгаузен', null, '1979', '02:14', '8.3', 97603, 'https://kinopoiskapiunofficial.tech/images/posters/kp/77283.jpg', 'https://kinopoiskapiunofficial.tech/images/posters/kp_small/77283.jpg');
INSERT INTO films (id, name_ru, name_en, year, length, rating, rating_vote_count, poster_url, poster_url_preview) VALUES (77335, 'Собачье сердце', null, '1988', '02:16', '8.3', 247748, 'https://kinopoiskapiunofficial.tech/images/posters/kp/77335.jpg', 'https://kinopoiskapiunofficial.tech/images/posters/kp_small/77335.jpg');
INSERT INTO films (id, name_ru, name_en, year, length, rating, rating_vote_count, poster_url, poster_url_preview) VALUES (77531, 'Тренер Картер', 'Coach Carter', '2005', '02:16', '8.1', 122593, 'https://kinopoiskapiunofficial.tech/images/posters/kp/77531.jpg', 'https://kinopoiskapiunofficial.tech/images/posters/kp_small/77531.jpg');
INSERT INTO films (id, name_ru, name_en, year, length, rating, rating_vote_count, poster_url, poster_url_preview) VALUES (77548, 'Труп невесты', 'Corpse Bride', '2005', '01:17', '7.8', 193158, 'https://kinopoiskapiunofficial.tech/images/posters/kp/77548.jpg', 'https://kinopoiskapiunofficial.tech/images/posters/kp_small/77548.jpg');
INSERT INTO films (id, name_ru, name_en, year, length, rating, rating_vote_count, poster_url, poster_url_preview) VALUES (81297, 'Малышка на миллион', 'Million Dollar Baby', '2004', '02:12', '8.1', 209598, 'https://kinopoiskapiunofficial.tech/images/posters/kp/81297.jpg', 'https://kinopoiskapiunofficial.tech/images/posters/kp_small/81297.jpg');
INSERT INTO films (id, name_ru, name_en, year, length, rating, rating_vote_count, poster_url, poster_url_preview) VALUES (81314, 'Отступники', 'The Departed', '2006', '02:31', '8.5', 396919, 'https://kinopoiskapiunofficial.tech/images/posters/kp/81314.jpg', 'https://kinopoiskapiunofficial.tech/images/posters/kp_small/81314.jpg');
INSERT INTO films (id, name_ru, name_en, year, length, rating, rating_vote_count, poster_url, poster_url_preview) VALUES (81555, 'Загадочная история Бенджамина Баттона', 'The Curious Case of Benjamin Button', '2008', '02:46', '8.1', 402631, 'https://kinopoiskapiunofficial.tech/images/posters/kp/81555.jpg', 'https://kinopoiskapiunofficial.tech/images/posters/kp_small/81555.jpg');
INSERT INTO films (id, name_ru, name_en, year, length, rating, rating_vote_count, poster_url, poster_url_preview) VALUES (81733, 'Гордость и предубеждение', 'Pride & Prejudice', '2005', '02:09', '8.0', 171310, 'https://kinopoiskapiunofficial.tech/images/posters/kp/81733.jpg', 'https://kinopoiskapiunofficial.tech/images/posters/kp_small/81733.jpg');
INSERT INTO films (id, name_ru, name_en, year, length, rating, rating_vote_count, poster_url, poster_url_preview) VALUES (84049, 'Рапунцель: Запутанная история', 'Tangled', '2010', '01:40', '7.9', 338561, 'https://kinopoiskapiunofficial.tech/images/posters/kp/84049.jpg', 'https://kinopoiskapiunofficial.tech/images/posters/kp_small/84049.jpg');
INSERT INTO films (id, name_ru, name_en, year, length, rating, rating_vote_count, poster_url, poster_url_preview) VALUES (86326, 'Счастливое число Слевина', 'Lucky Number Slevin', '2005', '01:50', '8.1', 349078, 'https://kinopoiskapiunofficial.tech/images/posters/kp/86326.jpg', 'https://kinopoiskapiunofficial.tech/images/posters/kp_small/86326.jpg');
INSERT INTO films (id, name_ru, name_en, year, length, rating, rating_vote_count, poster_url, poster_url_preview) VALUES (86621, 'Бесподобный мистер Фокс', 'Fantastic Mr. Fox', '2009', '01:27', '7.9', 75354, 'https://kinopoiskapiunofficial.tech/images/posters/kp/86621.jpg', 'https://kinopoiskapiunofficial.tech/images/posters/kp_small/86621.jpg');
INSERT INTO films (id, name_ru, name_en, year, length, rating, rating_vote_count, poster_url, poster_url_preview) VALUES (89514, 'Рататуй', 'Ratatouille', '2007', '01:51', '8.0', 475100, 'https://kinopoiskapiunofficial.tech/images/posters/kp/89514.jpg', 'https://kinopoiskapiunofficial.tech/images/posters/kp_small/89514.jpg');
INSERT INTO films (id, name_ru, name_en, year, length, rating, rating_vote_count, poster_url, poster_url_preview) VALUES (102124, 'Пираты Карибского моря: На краю света', 'Pirates of the Caribbean: At World''s End', '2007', '02:49', '8.0', 384082, 'https://kinopoiskapiunofficial.tech/images/posters/kp/102124.jpg', 'https://kinopoiskapiunofficial.tech/images/posters/kp_small/102124.jpg');
INSERT INTO films (id, name_ru, name_en, year, length, rating, rating_vote_count, poster_url, poster_url_preview) VALUES (102130, 'Дом у озера', 'The Lake House', '2006', '01:39', '7.8', 157476, 'https://kinopoiskapiunofficial.tech/images/posters/kp/102130.jpg', 'https://kinopoiskapiunofficial.tech/images/posters/kp_small/102130.jpg');
INSERT INTO films (id, name_ru, name_en, year, length, rating, rating_vote_count, poster_url, poster_url_preview) VALUES (104938, 'В погоне за счастьем', 'The Pursuit of Happyness', '2006', '01:57', '8.2', 269356, 'https://kinopoiskapiunofficial.tech/images/posters/kp/104938.jpg', 'https://kinopoiskapiunofficial.tech/images/posters/kp_small/104938.jpg');
INSERT INTO films (id, name_ru, name_en, year, length, rating, rating_vote_count, poster_url, poster_url_preview) VALUES (111543, 'Темный рыцарь', 'The Dark Knight', '2008', '02:32', '8.5', 536072, 'https://kinopoiskapiunofficial.tech/images/posters/kp/111543.jpg', 'https://kinopoiskapiunofficial.tech/images/posters/kp_small/111543.jpg');
INSERT INTO films (id, name_ru, name_en, year, length, rating, rating_vote_count, poster_url, poster_url_preview) VALUES (195334, 'Престиж', 'The Prestige', '2006', '02:05', '8.5', 528073, 'https://kinopoiskapiunofficial.tech/images/posters/kp/195334.jpg', 'https://kinopoiskapiunofficial.tech/images/posters/kp_small/195334.jpg');
INSERT INTO films (id, name_ru, name_en, year, length, rating, rating_vote_count, poster_url, poster_url_preview) VALUES (195434, 'Старикам тут не место', 'No Country for Old Men', '2007', '02:02', '7.8', 171395, 'https://kinopoiskapiunofficial.tech/images/posters/kp/195434.jpg', 'https://kinopoiskapiunofficial.tech/images/posters/kp_small/195434.jpg');
INSERT INTO films (id, name_ru, name_en, year, length, rating, rating_vote_count, poster_url, poster_url_preview) VALUES (251733, 'Аватар', 'Avatar', '2009', '02:42', '7.9', 729616, 'https://kinopoiskapiunofficial.tech/images/posters/kp/251733.jpg', 'https://kinopoiskapiunofficial.tech/images/posters/kp_small/251733.jpg');
INSERT INTO films (id, name_ru, name_en, year, length, rating, rating_vote_count, poster_url, poster_url_preview) VALUES (252156, 'Гангстер', 'American Gangster', '2007', '02:37', '7.9', 128798, 'https://kinopoiskapiunofficial.tech/images/posters/kp/252156.jpg', 'https://kinopoiskapiunofficial.tech/images/posters/kp_small/252156.jpg');
INSERT INTO films (id, name_ru, name_en, year, length, rating, rating_vote_count, poster_url, poster_url_preview) VALUES (252641, 'Хранители', 'Watchmen', '2009', '02:42', '7.6', 223274, 'https://kinopoiskapiunofficial.tech/images/posters/kp/252641.jpg', 'https://kinopoiskapiunofficial.tech/images/posters/kp_small/252641.jpg');
INSERT INTO films (id, name_ru, name_en, year, length, rating, rating_vote_count, poster_url, poster_url_preview) VALUES (255611, 'Искупление', 'Atonement', '2007', '02:00', '8.0', 150610, 'https://kinopoiskapiunofficial.tech/images/posters/kp/255611.jpg', 'https://kinopoiskapiunofficial.tech/images/posters/kp_small/255611.jpg');
INSERT INTO films (id, name_ru, name_en, year, length, rating, rating_vote_count, poster_url, poster_url_preview) VALUES (258328, 'История игрушек: Большой побег', 'Toy Story 3', '2010', '01:43', '7.8', 190982, 'https://kinopoiskapiunofficial.tech/images/posters/kp/258328.jpg', 'https://kinopoiskapiunofficial.tech/images/posters/kp_small/258328.jpg');
INSERT INTO films (id, name_ru, name_en, year, length, rating, rating_vote_count, poster_url, poster_url_preview) VALUES (258687, 'Интерстеллар', 'Interstellar', '2014', '02:49', '8.6', 738057, 'https://kinopoiskapiunofficial.tech/images/posters/kp/258687.jpg', 'https://kinopoiskapiunofficial.tech/images/posters/kp_small/258687.jpg');
INSERT INTO films (id, name_ru, name_en, year, length, rating, rating_vote_count, poster_url, poster_url_preview) VALUES (260162, 'Далласский клуб покупателей', 'Dallas Buyers Club', '2013', '01:58', '7.9', 265871, 'https://kinopoiskapiunofficial.tech/images/posters/kp/260162.jpg', 'https://kinopoiskapiunofficial.tech/images/posters/kp_small/260162.jpg');
INSERT INTO films (id, name_ru, name_en, year, length, rating, rating_vote_count, poster_url, poster_url_preview) VALUES (263531, 'Мстители', 'The Avengers', '2012', '02:17', '7.9', 516927, 'https://kinopoiskapiunofficial.tech/images/posters/kp/263531.jpg', 'https://kinopoiskapiunofficial.tech/images/posters/kp_small/263531.jpg');
INSERT INTO films (id, name_ru, name_en, year, length, rating, rating_vote_count, poster_url, poster_url_preview) VALUES (278522, 'Хоббит: Нежданное путешествие', 'The Hobbit: An Unexpected Journey', '2012', '02:49', '8.1', 413803, 'https://kinopoiskapiunofficial.tech/images/posters/kp/278522.jpg', 'https://kinopoiskapiunofficial.tech/images/posters/kp_small/278522.jpg');
INSERT INTO films (id, name_ru, name_en, year, length, rating, rating_vote_count, poster_url, poster_url_preview) VALUES (279102, 'ВАЛЛ·И', 'WALL·E', '2008', '01:38', '8.3', 495529, 'https://kinopoiskapiunofficial.tech/images/posters/kp/279102.jpg', 'https://kinopoiskapiunofficial.tech/images/posters/kp_small/279102.jpg');
INSERT INTO films (id, name_ru, name_en, year, length, rating, rating_vote_count, poster_url, poster_url_preview) VALUES (280172, 'Как приручить дракона', 'How to Train Your Dragon', '2010', '01:38', '8.2', 442591, 'https://kinopoiskapiunofficial.tech/images/posters/kp/280172.jpg', 'https://kinopoiskapiunofficial.tech/images/posters/kp_small/280172.jpg');
INSERT INTO films (id, name_ru, name_en, year, length, rating, rating_vote_count, poster_url, poster_url_preview) VALUES (281251, 'Мальчик в полосатой пижаме', 'The Boy in the Striped Pyjamas', '2008', '01:34', '8.2', 243046, 'https://kinopoiskapiunofficial.tech/images/posters/kp/281251.jpg', 'https://kinopoiskapiunofficial.tech/images/posters/kp_small/281251.jpg');
INSERT INTO films (id, name_ru, name_en, year, length, rating, rating_vote_count, poster_url, poster_url_preview) VALUES (325381, 'Вверх', 'Up', '2009', '01:36', '8.0', 317777, 'https://kinopoiskapiunofficial.tech/images/posters/kp/325381.jpg', 'https://kinopoiskapiunofficial.tech/images/posters/kp_small/325381.jpg');
INSERT INTO films (id, name_ru, name_en, year, length, rating, rating_vote_count, poster_url, poster_url_preview) VALUES (378140, 'Рок-н-рольщик', 'RocknRolla', '2008', '01:54', '7.8', 231910, 'https://kinopoiskapiunofficial.tech/images/posters/kp/378140.jpg', 'https://kinopoiskapiunofficial.tech/images/posters/kp_small/378140.jpg');
INSERT INTO films (id, name_ru, name_en, year, length, rating, rating_vote_count, poster_url, poster_url_preview) VALUES (387556, 'Хатико: Самый верный друг', 'Hachi: A Dog''s Tale', '2008', '01:29', '8.3', 411580, 'https://kinopoiskapiunofficial.tech/images/posters/kp/387556.jpg', 'https://kinopoiskapiunofficial.tech/images/posters/kp_small/387556.jpg');
INSERT INTO films (id, name_ru, name_en, year, length, rating, rating_vote_count, poster_url, poster_url_preview) VALUES (395787, 'Семь жизней', 'Seven Pounds', '2008', '01:58', '8.2', 289305, 'https://kinopoiskapiunofficial.tech/images/posters/kp/395787.jpg', 'https://kinopoiskapiunofficial.tech/images/posters/kp_small/395787.jpg');
INSERT INTO films (id, name_ru, name_en, year, length, rating, rating_vote_count, poster_url, poster_url_preview) VALUES (397667, 'Остров проклятых', 'Shutter Island', '2009', '02:18', '8.5', 602031, 'https://kinopoiskapiunofficial.tech/images/posters/kp/397667.jpg', 'https://kinopoiskapiunofficial.tech/images/posters/kp_small/397667.jpg');
INSERT INTO films (id, name_ru, name_en, year, length, rating, rating_vote_count, poster_url, poster_url_preview) VALUES (407636, 'Гарри Поттер и Дары Смерти: Часть II', 'Harry Potter and the Deathly Hallows: Part 2', '2011', '02:10', '8.1', 442978, 'https://kinopoiskapiunofficial.tech/images/posters/kp/407636.jpg', 'https://kinopoiskapiunofficial.tech/images/posters/kp_small/407636.jpg');
INSERT INTO films (id, name_ru, name_en, year, length, rating, rating_vote_count, poster_url, poster_url_preview) VALUES (408410, 'Гран Торино', 'Gran Torino', '2008', '01:56', '8.1', 247717, 'https://kinopoiskapiunofficial.tech/images/posters/kp/408410.jpg', 'https://kinopoiskapiunofficial.tech/images/posters/kp_small/408410.jpg');
INSERT INTO films (id, name_ru, name_en, year, length, rating, rating_vote_count, poster_url, poster_url_preview) VALUES (408876, 'Хоббит: Пустошь Смауга', 'The Hobbit: The Desolation of Smaug', '2013', '02:41', '8.0', 337283, 'https://kinopoiskapiunofficial.tech/images/posters/kp/408876.jpg', 'https://kinopoiskapiunofficial.tech/images/posters/kp_small/408876.jpg');
INSERT INTO films (id, name_ru, name_en, year, length, rating, rating_vote_count, poster_url, poster_url_preview) VALUES (420923, 'Шерлок Холмс', 'Sherlock Holmes', '2009', '02:08', '8.1', 498899, 'https://kinopoiskapiunofficial.tech/images/posters/kp/420923.jpg', 'https://kinopoiskapiunofficial.tech/images/posters/kp_small/420923.jpg');
INSERT INTO films (id, name_ru, name_en, year, length, rating, rating_vote_count, poster_url, poster_url_preview) VALUES (436263, 'Брестская крепость', null, '2010', '02:11', '8.0', 120517, 'https://kinopoiskapiunofficial.tech/images/posters/kp/436263.jpg', 'https://kinopoiskapiunofficial.tech/images/posters/kp_small/436263.jpg');
INSERT INTO films (id, name_ru, name_en, year, length, rating, rating_vote_count, poster_url, poster_url_preview) VALUES (437410, 'Темный рыцарь: Возрождение легенды', 'The Dark Knight Rises', '2012', '02:45', '8.1', 379989, 'https://kinopoiskapiunofficial.tech/images/posters/kp/437410.jpg', 'https://kinopoiskapiunofficial.tech/images/posters/kp_small/437410.jpg');
INSERT INTO films (id, name_ru, name_en, year, length, rating, rating_vote_count, poster_url, poster_url_preview) VALUES (447301, 'Начало', 'Inception', '2010', '02:28', '8.7', 817854, 'https://kinopoiskapiunofficial.tech/images/posters/kp/447301.jpg', 'https://kinopoiskapiunofficial.tech/images/posters/kp_small/447301.jpg');
INSERT INTO films (id, name_ru, name_en, year, length, rating, rating_vote_count, poster_url, poster_url_preview) VALUES (450213, 'Невидимая сторона', 'The Blind Side', '2009', '02:09', '8.2', 204171, 'https://kinopoiskapiunofficial.tech/images/posters/kp/450213.jpg', 'https://kinopoiskapiunofficial.tech/images/posters/kp_small/450213.jpg');
INSERT INTO films (id, name_ru, name_en, year, length, rating, rating_vote_count, poster_url, poster_url_preview) VALUES (455194, 'Пленницы', 'Prisoners', '2013', '02:33', '7.8', 207185, 'https://kinopoiskapiunofficial.tech/images/posters/kp/455194.jpg', 'https://kinopoiskapiunofficial.tech/images/posters/kp_small/455194.jpg');
INSERT INTO films (id, name_ru, name_en, year, length, rating, rating_vote_count, poster_url, poster_url_preview) VALUES (461939, 'Линкольн для адвоката', 'The Lincoln Lawyer', '2011', '01:54', '7.8', 240480, 'https://kinopoiskapiunofficial.tech/images/posters/kp/461939.jpg', 'https://kinopoiskapiunofficial.tech/images/posters/kp_small/461939.jpg');
INSERT INTO films (id, name_ru, name_en, year, length, rating, rating_vote_count, poster_url, poster_url_preview) VALUES (462606, 'Области тьмы', 'Limitless', '2011', '01:45', '8.0', 556725, 'https://kinopoiskapiunofficial.tech/images/posters/kp/462606.jpg', 'https://kinopoiskapiunofficial.tech/images/posters/kp_small/462606.jpg');
INSERT INTO films (id, name_ru, name_en, year, length, rating, rating_vote_count, poster_url, poster_url_preview) VALUES (462682, 'Волк с Уолл-стрит', 'The Wolf of Wall Street', '2013', '03:00', '7.9', 761431, 'https://kinopoiskapiunofficial.tech/images/posters/kp/462682.jpg', 'https://kinopoiskapiunofficial.tech/images/posters/kp_small/462682.jpg');
INSERT INTO films (id, name_ru, name_en, year, length, rating, rating_vote_count, poster_url, poster_url_preview) VALUES (463724, 'Великий Гэтсби', 'The Great Gatsby', '2013', '02:23', '7.9', 367114, 'https://kinopoiskapiunofficial.tech/images/posters/kp/463724.jpg', 'https://kinopoiskapiunofficial.tech/images/posters/kp_small/463724.jpg');
INSERT INTO films (id, name_ru, name_en, year, length, rating, rating_vote_count, poster_url, poster_url_preview) VALUES (470191, 'Невероятный мир глазами Энцо', 'The Art of Racing in the Rain', '2019', '01:49', '8.1', 64222, 'https://kinopoiskapiunofficial.tech/images/posters/kp/470191.jpg', 'https://kinopoiskapiunofficial.tech/images/posters/kp_small/470191.jpg');
INSERT INTO films (id, name_ru, name_en, year, length, rating, rating_vote_count, poster_url, poster_url_preview) VALUES (470553, 'Прислуга', 'The Help', '2011', '02:26', '8.2', 211957, 'https://kinopoiskapiunofficial.tech/images/posters/kp/470553.jpg', 'https://kinopoiskapiunofficial.tech/images/posters/kp_small/470553.jpg');
INSERT INTO films (id, name_ru, name_en, year, length, rating, rating_vote_count, poster_url, poster_url_preview) VALUES (485311, 'Король говорит!', 'The King''s Speech', '2010', '01:58', '8.0', 252909, 'https://kinopoiskapiunofficial.tech/images/posters/kp/485311.jpg', 'https://kinopoiskapiunofficial.tech/images/posters/kp_small/485311.jpg');
INSERT INTO films (id, name_ru, name_en, year, length, rating, rating_vote_count, poster_url, poster_url_preview) VALUES (535341, '1+1', 'Intouchables', '2011', '01:52', '8.8', 1328534, 'https://kinopoiskapiunofficial.tech/images/posters/kp/535341.jpg', 'https://kinopoiskapiunofficial.tech/images/posters/kp_small/535341.jpg');
INSERT INTO films (id, name_ru, name_en, year, length, rating, rating_vote_count, poster_url, poster_url_preview) VALUES (568289, 'Богемская рапсодия', 'Bohemian Rhapsody', '2018', '02:14', '8.0', 384832, 'https://kinopoiskapiunofficial.tech/images/posters/kp/568289.jpg', 'https://kinopoiskapiunofficial.tech/images/posters/kp_small/568289.jpg');
INSERT INTO films (id, name_ru, name_en, year, length, rating, rating_vote_count, poster_url, poster_url_preview) VALUES (572553, 'Маленький принц', 'Le Petit Prince', '2015', '01:48', '7.9', 62040, 'https://kinopoiskapiunofficial.tech/images/posters/kp/572553.jpg', 'https://kinopoiskapiunofficial.tech/images/posters/kp_small/572553.jpg');
INSERT INTO films (id, name_ru, name_en, year, length, rating, rating_vote_count, poster_url, poster_url_preview) VALUES (573759, 'Остров сокровищ', null, '1988', '01:47', '8.2', 123321, 'https://kinopoiskapiunofficial.tech/images/posters/kp/573759.jpg', 'https://kinopoiskapiunofficial.tech/images/posters/kp_small/573759.jpg');
INSERT INTO films (id, name_ru, name_en, year, length, rating, rating_vote_count, poster_url, poster_url_preview) VALUES (586397, 'Джанго освобожденный', 'Django Unchained', '2012', '02:45', '8.2', 489008, 'https://kinopoiskapiunofficial.tech/images/posters/kp/586397.jpg', 'https://kinopoiskapiunofficial.tech/images/posters/kp_small/586397.jpg');
INSERT INTO films (id, name_ru, name_en, year, length, rating, rating_vote_count, poster_url, poster_url_preview) VALUES (588672, 'Судья', 'The Judge', '2014', '02:22', '7.9', 193705, 'https://kinopoiskapiunofficial.tech/images/posters/kp/588672.jpg', 'https://kinopoiskapiunofficial.tech/images/posters/kp_small/588672.jpg');
INSERT INTO films (id, name_ru, name_en, year, length, rating, rating_vote_count, poster_url, poster_url_preview) VALUES (592260, 'Эрнест и Селестина: Приключения мышки и медведя', 'Ernest et Célestine', '2012', '01:20', '8.0', 22504, 'https://kinopoiskapiunofficial.tech/images/posters/kp/592260.jpg', 'https://kinopoiskapiunofficial.tech/images/posters/kp_small/592260.jpg');
INSERT INTO films (id, name_ru, name_en, year, length, rating, rating_vote_count, poster_url, poster_url_preview) VALUES (596125, 'Гонка', 'Rush', '2013', '02:03', '8.1', 193160, 'https://kinopoiskapiunofficial.tech/images/posters/kp/596125.jpg', 'https://kinopoiskapiunofficial.tech/images/posters/kp_small/596125.jpg');
INSERT INTO films (id, name_ru, name_en, year, length, rating, rating_vote_count, poster_url, poster_url_preview) VALUES (645118, 'Головоломка', 'Inside Out', '2015', '01:35', '8.0', 418633, 'https://kinopoiskapiunofficial.tech/images/posters/kp/645118.jpg', 'https://kinopoiskapiunofficial.tech/images/posters/kp_small/645118.jpg');
INSERT INTO films (id, name_ru, name_en, year, length, rating, rating_vote_count, poster_url, poster_url_preview) VALUES (645276, 'Лекарь: Ученик Авиценны', 'The Physician', '2013', '02:35', '7.7', 98542, 'https://kinopoiskapiunofficial.tech/images/posters/kp/645276.jpg', 'https://kinopoiskapiunofficial.tech/images/posters/kp_small/645276.jpg');
INSERT INTO films (id, name_ru, name_en, year, length, rating, rating_vote_count, poster_url, poster_url_preview) VALUES (649917, 'По соображениям совести', 'Hacksaw Ridge', '2016', '02:19', '8.0', 223645, 'https://kinopoiskapiunofficial.tech/images/posters/kp/649917.jpg', 'https://kinopoiskapiunofficial.tech/images/posters/kp_small/649917.jpg');
INSERT INTO films (id, name_ru, name_en, year, length, rating, rating_vote_count, poster_url, poster_url_preview) VALUES (662596, 'Бойфренд из будущего', 'About Time', '2013', '02:03', '7.9', 162820, 'https://kinopoiskapiunofficial.tech/images/posters/kp/662596.jpg', 'https://kinopoiskapiunofficial.tech/images/posters/kp_small/662596.jpg');
INSERT INTO films (id, name_ru, name_en, year, length, rating, rating_vote_count, poster_url, poster_url_preview) VALUES (679486, 'Тайна Коко', 'Coco', '2017', '01:45', '8.6', 431537, 'https://kinopoiskapiunofficial.tech/images/posters/kp/679486.jpg', 'https://kinopoiskapiunofficial.tech/images/posters/kp_small/679486.jpg');
INSERT INTO films (id, name_ru, name_en, year, length, rating, rating_vote_count, poster_url, poster_url_preview) VALUES (681849, 'Лучшее предложение', 'La migliore offerta', '2012', '02:11', '8.0', 262177, 'https://kinopoiskapiunofficial.tech/images/posters/kp/681849.jpg', 'https://kinopoiskapiunofficial.tech/images/posters/kp_small/681849.jpg');
INSERT INTO films (id, name_ru, name_en, year, length, rating, rating_vote_count, poster_url, poster_url_preview) VALUES (683999, 'Отель «Гранд Будапешт»', 'The Grand Budapest Hotel', '2014', '01:40', '7.9', 340997, 'https://kinopoiskapiunofficial.tech/images/posters/kp/683999.jpg', 'https://kinopoiskapiunofficial.tech/images/posters/kp_small/683999.jpg');
INSERT INTO films (id, name_ru, name_en, year, length, rating, rating_vote_count, poster_url, poster_url_preview) VALUES (689066, 'Стражи Галактики', 'Guardians of the Galaxy', '2014', '02:01', '7.8', 536881, 'https://kinopoiskapiunofficial.tech/images/posters/kp/689066.jpg', 'https://kinopoiskapiunofficial.tech/images/posters/kp_small/689066.jpg');
INSERT INTO films (id, name_ru, name_en, year, length, rating, rating_vote_count, poster_url, poster_url_preview) VALUES (692861, 'Исчезнувшая', 'Gone Girl', '2014', '02:29', '8.0', 438529, 'https://kinopoiskapiunofficial.tech/images/posters/kp/692861.jpg', 'https://kinopoiskapiunofficial.tech/images/posters/kp_small/692861.jpg');
INSERT INTO films (id, name_ru, name_en, year, length, rating, rating_vote_count, poster_url, poster_url_preview) VALUES (694633, 'Хоббит: Битва пяти воинств', 'The Hobbit: The Battle of the Five Armies', '2014', '02:24', '7.8', 279801, 'https://kinopoiskapiunofficial.tech/images/posters/kp/694633.jpg', 'https://kinopoiskapiunofficial.tech/images/posters/kp_small/694633.jpg');
INSERT INTO films (id, name_ru, name_en, year, length, rating, rating_vote_count, poster_url, poster_url_preview) VALUES (714248, 'Песнь моря', 'Song of the Sea', '2014', '01:33', '8.1', 69874, 'https://kinopoiskapiunofficial.tech/images/posters/kp/714248.jpg', 'https://kinopoiskapiunofficial.tech/images/posters/kp_small/714248.jpg');
INSERT INTO films (id, name_ru, name_en, year, length, rating, rating_vote_count, poster_url, poster_url_preview) VALUES (725190, 'Одержимость', 'Whiplash', '2013', '01:46', '8.3', 279670, 'https://kinopoiskapiunofficial.tech/images/posters/kp/725190.jpg', 'https://kinopoiskapiunofficial.tech/images/posters/kp_small/725190.jpg');
INSERT INTO films (id, name_ru, name_en, year, length, rating, rating_vote_count, poster_url, poster_url_preview) VALUES (775273, 'Душа', 'Soul', '2020', '01:46', '8.4', 360424, 'https://kinopoiskapiunofficial.tech/images/posters/kp/775273.jpg', 'https://kinopoiskapiunofficial.tech/images/posters/kp_small/775273.jpg');
INSERT INTO films (id, name_ru, name_en, year, length, rating, rating_vote_count, poster_url, poster_url_preview) VALUES (775276, 'Зверополис', 'Zootopia', '2016', '01:48', '8.3', 646016, 'https://kinopoiskapiunofficial.tech/images/posters/kp/775276.jpg', 'https://kinopoiskapiunofficial.tech/images/posters/kp_small/775276.jpg');
INSERT INTO films (id, name_ru, name_en, year, length, rating, rating_vote_count, poster_url, poster_url_preview) VALUES (808639, 'Дурак', null, '2014', '01:56', '8.1', 297977, 'https://kinopoiskapiunofficial.tech/images/posters/kp/808639.jpg', 'https://kinopoiskapiunofficial.tech/images/posters/kp_small/808639.jpg');
INSERT INTO films (id, name_ru, name_en, year, length, rating, rating_vote_count, poster_url, poster_url_preview) VALUES (819101, 'Омерзительная восьмерка', 'The Hateful Eight', '2015', '03:07', '7.9', 431010, 'https://kinopoiskapiunofficial.tech/images/posters/kp/819101.jpg', 'https://kinopoiskapiunofficial.tech/images/posters/kp_small/819101.jpg');
INSERT INTO films (id, name_ru, name_en, year, length, rating, rating_vote_count, poster_url, poster_url_preview) VALUES (835086, 'Ford против Ferrari', 'Ford v Ferrari', '2019', '02:32', '8.2', 406532, 'https://kinopoiskapiunofficial.tech/images/posters/kp/835086.jpg', 'https://kinopoiskapiunofficial.tech/images/posters/kp_small/835086.jpg');
INSERT INTO films (id, name_ru, name_en, year, length, rating, rating_vote_count, poster_url, poster_url_preview) VALUES (843649, 'Мстители: Война бесконечности', 'Avengers: Infinity War', '2018', '02:29', '7.9', 610619, 'https://kinopoiskapiunofficial.tech/images/posters/kp/843649.jpg', 'https://kinopoiskapiunofficial.tech/images/posters/kp_small/843649.jpg');
INSERT INTO films (id, name_ru, name_en, year, length, rating, rating_vote_count, poster_url, poster_url_preview) VALUES (848894, 'Вторая жизнь Уве', 'En man som heter Ove', '2015', '01:56', '8.0', 129896, 'https://kinopoiskapiunofficial.tech/images/posters/kp/848894.jpg', 'https://kinopoiskapiunofficial.tech/images/posters/kp_small/848894.jpg');
INSERT INTO films (id, name_ru, name_en, year, length, rating, rating_vote_count, poster_url, poster_url_preview) VALUES (885317, 'Ученик чудовища', 'Bakemono no ko', '2015', '01:59', '8.0', 48503, 'https://kinopoiskapiunofficial.tech/images/posters/kp/885317.jpg', 'https://kinopoiskapiunofficial.tech/images/posters/kp_small/885317.jpg');
INSERT INTO films (id, name_ru, name_en, year, length, rating, rating_vote_count, poster_url, poster_url_preview) VALUES (920265, 'Человек-паук: Через вселенные', 'Spider-Man: Into the Spider-Verse', '2018', '01:57', '8.0', 342468, 'https://kinopoiskapiunofficial.tech/images/posters/kp/920265.jpg', 'https://kinopoiskapiunofficial.tech/images/posters/kp_small/920265.jpg');
INSERT INTO films (id, name_ru, name_en, year, length, rating, rating_vote_count, poster_url, poster_url_preview) VALUES (939785, 'Остров собак', 'Isle of Dogs', '2018', '01:41', '8.1', 100311, 'https://kinopoiskapiunofficial.tech/images/posters/kp/939785.jpg', 'https://kinopoiskapiunofficial.tech/images/posters/kp_small/939785.jpg');
INSERT INTO films (id, name_ru, name_en, year, length, rating, rating_vote_count, poster_url, poster_url_preview) VALUES (944098, 'Три билборда на границе Эббинга, Миссури', 'Three Billboards Outside Ebbing, Missouri', '2017', '01:55', '8.2', 325528, 'https://kinopoiskapiunofficial.tech/images/posters/kp/944098.jpg', 'https://kinopoiskapiunofficial.tech/images/posters/kp_small/944098.jpg');
INSERT INTO films (id, name_ru, name_en, year, length, rating, rating_vote_count, poster_url, poster_url_preview) VALUES (957887, 'Клаус', 'Klaus', '2019', '01:36', '8.6', 96059, 'https://kinopoiskapiunofficial.tech/images/posters/kp/957887.jpg', 'https://kinopoiskapiunofficial.tech/images/posters/kp_small/957887.jpg');
INSERT INTO films (id, name_ru, name_en, year, length, rating, rating_vote_count, poster_url, poster_url_preview) VALUES (958541, 'Легенда о волках', 'WolfWalkers', '2020', '01:43', '8.2', 28289, 'https://kinopoiskapiunofficial.tech/images/posters/kp/958541.jpg', 'https://kinopoiskapiunofficial.tech/images/posters/kp_small/958541.jpg');
INSERT INTO films (id, name_ru, name_en, year, length, rating, rating_vote_count, poster_url, poster_url_preview) VALUES (958722, 'Твоё имя', 'Kimi no na wa.', '2016', '01:50', '8.3', 170352, 'https://kinopoiskapiunofficial.tech/images/posters/kp/958722.jpg', 'https://kinopoiskapiunofficial.tech/images/posters/kp_small/958722.jpg');
INSERT INTO films (id, name_ru, name_en, year, length, rating, rating_vote_count, poster_url, poster_url_preview) VALUES (959606, 'Работа без авторства', 'Werk ohne Autor', '2018', '03:09', '8.0', 77442, 'https://kinopoiskapiunofficial.tech/images/posters/kp/959606.jpg', 'https://kinopoiskapiunofficial.tech/images/posters/kp_small/959606.jpg');
INSERT INTO films (id, name_ru, name_en, year, length, rating, rating_vote_count, poster_url, poster_url_preview) VALUES (963343, 'Форма голоса', 'Koe no katachi', '2016', '02:10', '8.1', 71876, 'https://kinopoiskapiunofficial.tech/images/posters/kp/963343.jpg', 'https://kinopoiskapiunofficial.tech/images/posters/kp_small/963343.jpg');
INSERT INTO films (id, name_ru, name_en, year, length, rating, rating_vote_count, poster_url, poster_url_preview) VALUES (965754, 'Дело храбрых', 'Only the Brave', '2017', '02:14', '8.0', 140615, 'https://kinopoiskapiunofficial.tech/images/posters/kp/965754.jpg', 'https://kinopoiskapiunofficial.tech/images/posters/kp_small/965754.jpg');
INSERT INTO films (id, name_ru, name_en, year, length, rating, rating_vote_count, poster_url, poster_url_preview) VALUES (966036, 'Скрытые фигуры', 'Hidden Figures', '2016', '02:07', '7.7', 83090, 'https://kinopoiskapiunofficial.tech/images/posters/kp/966036.jpg', 'https://kinopoiskapiunofficial.tech/images/posters/kp_small/966036.jpg');
INSERT INTO films (id, name_ru, name_en, year, length, rating, rating_vote_count, poster_url, poster_url_preview) VALUES (1008113, 'Таксист', 'Taeksi unjeonsa', '2017', '02:17', '8.1', 50113, 'https://kinopoiskapiunofficial.tech/images/posters/kp/1008113.jpg', 'https://kinopoiskapiunofficial.tech/images/posters/kp_small/1008113.jpg');
INSERT INTO films (id, name_ru, name_en, year, length, rating, rating_vote_count, poster_url, poster_url_preview) VALUES (1015471, 'Райя и последний дракон', 'Raya and the Last Dragon', '2021', '01:47', '8.2', 244804, 'https://kinopoiskapiunofficial.tech/images/posters/kp/1015471.jpg', 'https://kinopoiskapiunofficial.tech/images/posters/kp_small/1015471.jpg');
INSERT INTO films (id, name_ru, name_en, year, length, rating, rating_vote_count, poster_url, poster_url_preview) VALUES (1043758, 'Паразиты', 'Gisaengchung', '2019', '02:11', '8.0', 295741, 'https://kinopoiskapiunofficial.tech/images/posters/kp/1043758.jpg', 'https://kinopoiskapiunofficial.tech/images/posters/kp_small/1043758.jpg');
INSERT INTO films (id, name_ru, name_en, year, length, rating, rating_vote_count, poster_url, poster_url_preview) VALUES (1108577, 'Зеленая книга', 'Green Book', '2018', '02:10', '8.3', 547644, 'https://kinopoiskapiunofficial.tech/images/posters/kp/1108577.jpg', 'https://kinopoiskapiunofficial.tech/images/posters/kp_small/1108577.jpg');
INSERT INTO films (id, name_ru, name_en, year, length, rating, rating_vote_count, poster_url, poster_url_preview) VALUES (1143242, 'Джентльмены', 'The Gentlemen', '2019', '01:53', '8.5', 878180, 'https://kinopoiskapiunofficial.tech/images/posters/kp/1143242.jpg', 'https://kinopoiskapiunofficial.tech/images/posters/kp_small/1143242.jpg');
INSERT INTO films (id, name_ru, name_en, year, length, rating, rating_vote_count, poster_url, poster_url_preview) VALUES (1188529, 'Достать ножи', 'Knives Out', '2019', '02:10', '8.0', 501242, 'https://kinopoiskapiunofficial.tech/images/posters/kp/1188529.jpg', 'https://kinopoiskapiunofficial.tech/images/posters/kp_small/1188529.jpg');
INSERT INTO films (id, name_ru, name_en, year, length, rating, rating_vote_count, poster_url, poster_url_preview) VALUES (1254059, 'Доктор Лиза', null, '2020', '02:00', '8.2', 72781, 'https://kinopoiskapiunofficial.tech/images/posters/kp/1254059.jpg', 'https://kinopoiskapiunofficial.tech/images/posters/kp_small/1254059.jpg');
INSERT INTO films (id, name_ru, name_en, year, length, rating, rating_vote_count, poster_url, poster_url_preview) VALUES (1309570, 'Человек-паук: Нет пути домой', 'Spider-Man: No Way Home', '2021', '02:28', '8.6', 52401, 'https://kinopoiskapiunofficial.tech/images/posters/kp/1309570.jpg', 'https://kinopoiskapiunofficial.tech/images/posters/kp_small/1309570.jpg');


INSERT INTO film_genres (film_id, genre_id) VALUES (435, 1);
INSERT INTO film_genres (film_id, genre_id) VALUES (435, 2);
INSERT INTO film_genres (film_id, genre_id) VALUES (435, 3);
INSERT INTO film_genres (film_id, genre_id) VALUES (435, 4);
INSERT INTO film_genres (film_id, genre_id) VALUES (435, 5);
INSERT INTO film_genres (film_id, genre_id) VALUES (326, 1);
INSERT INTO film_genres (film_id, genre_id) VALUES (3498, 1);
INSERT INTO film_genres (film_id, genre_id) VALUES (3498, 6);
INSERT INTO film_genres (film_id, genre_id) VALUES (3498, 5);
INSERT INTO film_genres (film_id, genre_id) VALUES (312, 1);
INSERT INTO film_genres (film_id, genre_id) VALUES (312, 6);
INSERT INTO film_genres (film_id, genre_id) VALUES (312, 5);
INSERT INTO film_genres (film_id, genre_id) VALUES (328, 1);
INSERT INTO film_genres (film_id, genre_id) VALUES (328, 6);
INSERT INTO film_genres (film_id, genre_id) VALUES (328, 5);
INSERT INTO film_genres (film_id, genre_id) VALUES (448, 1);
INSERT INTO film_genres (film_id, genre_id) VALUES (448, 10);
INSERT INTO film_genres (film_id, genre_id) VALUES (448, 11);
INSERT INTO film_genres (film_id, genre_id) VALUES (448, 12);
INSERT INTO film_genres (film_id, genre_id) VALUES (448, 13);
INSERT INTO film_genres (film_id, genre_id) VALUES (2360, 1);
INSERT INTO film_genres (film_id, genre_id) VALUES (2360, 6);
INSERT INTO film_genres (film_id, genre_id) VALUES (2360, 7);
INSERT INTO film_genres (film_id, genre_id) VALUES (2360, 8);
INSERT INTO film_genres (film_id, genre_id) VALUES (2360, 9);
INSERT INTO film_genres (film_id, genre_id) VALUES (258687, 1);
INSERT INTO film_genres (film_id, genre_id) VALUES (258687, 4);
INSERT INTO film_genres (film_id, genre_id) VALUES (258687, 6);
INSERT INTO film_genres (film_id, genre_id) VALUES (42664, 4);
INSERT INTO film_genres (film_id, genre_id) VALUES (42664, 6);
INSERT INTO film_genres (film_id, genre_id) VALUES (42664, 11);
INSERT INTO film_genres (film_id, genre_id) VALUES (1309570, 4);
INSERT INTO film_genres (film_id, genre_id) VALUES (1309570, 6);
INSERT INTO film_genres (film_id, genre_id) VALUES (1309570, 17);
INSERT INTO film_genres (film_id, genre_id) VALUES (1309570, 5);
INSERT INTO film_genres (film_id, genre_id) VALUES (679486, 3);
INSERT INTO film_genres (film_id, genre_id) VALUES (679486, 6);
INSERT INTO film_genres (film_id, genre_id) VALUES (679486, 5);
INSERT INTO film_genres (film_id, genre_id) VALUES (679486, 14);
INSERT INTO film_genres (film_id, genre_id) VALUES (679486, 7);
INSERT INTO film_genres (film_id, genre_id) VALUES (679486, 8);
INSERT INTO film_genres (film_id, genre_id) VALUES (535341, 1);
INSERT INTO film_genres (film_id, genre_id) VALUES (535341, 16);
INSERT INTO film_genres (film_id, genre_id) VALUES (535341, 11);
INSERT INTO film_genres (film_id, genre_id) VALUES (342, 15);
INSERT INTO film_genres (film_id, genre_id) VALUES (342, 1);
INSERT INTO film_genres (film_id, genre_id) VALUES (342, 2);
INSERT INTO film_genres (film_id, genre_id) VALUES (342, 11);
INSERT INTO film_genres (film_id, genre_id) VALUES (329, 1);
INSERT INTO film_genres (film_id, genre_id) VALUES (329, 16);
INSERT INTO film_genres (film_id, genre_id) VALUES (329, 12);
INSERT INTO film_genres (film_id, genre_id) VALUES (329, 13);
INSERT INTO film_genres (film_id, genre_id) VALUES (447301, 15);
INSERT INTO film_genres (film_id, genre_id) VALUES (447301, 1);
INSERT INTO film_genres (film_id, genre_id) VALUES (447301, 3);
INSERT INTO film_genres (film_id, genre_id) VALUES (447301, 4);
INSERT INTO film_genres (film_id, genre_id) VALUES (447301, 17);
INSERT INTO film_genres (film_id, genre_id) VALUES (279102, 4);
INSERT INTO film_genres (film_id, genre_id) VALUES (279102, 6);
INSERT INTO film_genres (film_id, genre_id) VALUES (279102, 7);
INSERT INTO film_genres (film_id, genre_id) VALUES (279102, 8);
INSERT INTO film_genres (film_id, genre_id) VALUES (522, 2);
INSERT INTO film_genres (film_id, genre_id) VALUES (522, 17);
INSERT INTO film_genres (film_id, genre_id) VALUES (522, 11);
INSERT INTO film_genres (film_id, genre_id) VALUES (301, 4);
INSERT INTO film_genres (film_id, genre_id) VALUES (301, 17);
INSERT INTO film_genres (film_id, genre_id) VALUES (957887, 6);
INSERT INTO film_genres (film_id, genre_id) VALUES (957887, 11);
INSERT INTO film_genres (film_id, genre_id) VALUES (957887, 7);
INSERT INTO film_genres (film_id, genre_id) VALUES (957887, 8);
INSERT INTO film_genres (film_id, genre_id) VALUES (370, 6);
INSERT INTO film_genres (film_id, genre_id) VALUES (370, 5);
INSERT INTO film_genres (film_id, genre_id) VALUES (370, 7);
INSERT INTO film_genres (film_id, genre_id) VALUES (370, 8);
INSERT INTO film_genres (film_id, genre_id) VALUES (370, 18);
INSERT INTO film_genres (film_id, genre_id) VALUES (476, 4);
INSERT INTO film_genres (film_id, genre_id) VALUES (476, 6);
INSERT INTO film_genres (film_id, genre_id) VALUES (476, 11);
INSERT INTO film_genres (film_id, genre_id) VALUES (44386, 1);
INSERT INTO film_genres (film_id, genre_id) VALUES (44386, 2);
INSERT INTO film_genres (film_id, genre_id) VALUES (44386, 3);
INSERT INTO film_genres (film_id, genre_id) VALUES (44386, 11);
INSERT INTO film_genres (film_id, genre_id) VALUES (77263, 2);
INSERT INTO film_genres (film_id, genre_id) VALUES (77263, 3);
INSERT INTO film_genres (film_id, genre_id) VALUES (77263, 6);
INSERT INTO film_genres (film_id, genre_id) VALUES (361, 15);
INSERT INTO film_genres (film_id, genre_id) VALUES (361, 1);
INSERT INTO film_genres (film_id, genre_id) VALUES (361, 2);
INSERT INTO film_genres (film_id, genre_id) VALUES (46708, 1);
INSERT INTO film_genres (film_id, genre_id) VALUES (46708, 10);
INSERT INTO film_genres (film_id, genre_id) VALUES (46708, 11);
INSERT INTO film_genres (film_id, genre_id) VALUES (4374, 6);
INSERT INTO film_genres (film_id, genre_id) VALUES (4374, 17);
INSERT INTO film_genres (film_id, genre_id) VALUES (4374, 5);
INSERT INTO film_genres (film_id, genre_id) VALUES (25108, 1);
INSERT INTO film_genres (film_id, genre_id) VALUES (25108, 11);
INSERT INTO film_genres (film_id, genre_id) VALUES (25108, 12);
INSERT INTO film_genres (film_id, genre_id) VALUES (526, 2);
INSERT INTO film_genres (film_id, genre_id) VALUES (526, 17);
INSERT INTO film_genres (film_id, genre_id) VALUES (526, 11);
INSERT INTO film_genres (film_id, genre_id) VALUES (397667, 15);
INSERT INTO film_genres (film_id, genre_id) VALUES (397667, 1);
INSERT INTO film_genres (film_id, genre_id) VALUES (397667, 3);
INSERT INTO film_genres (film_id, genre_id) VALUES (42782, 2);
INSERT INTO film_genres (film_id, genre_id) VALUES (42782, 10);
INSERT INTO film_genres (film_id, genre_id) VALUES (42782, 11);
INSERT INTO film_genres (film_id, genre_id) VALUES (32898, 1);
INSERT INTO film_genres (film_id, genre_id) VALUES (32898, 2);
INSERT INTO film_genres (film_id, genre_id) VALUES (32898, 11);
INSERT INTO film_genres (film_id, genre_id) VALUES (430, 6);
INSERT INTO film_genres (film_id, genre_id) VALUES (430, 5);
INSERT INTO film_genres (film_id, genre_id) VALUES (430, 11);
INSERT INTO film_genres (film_id, genre_id) VALUES (430, 7);
INSERT INTO film_genres (film_id, genre_id) VALUES (430, 8);
INSERT INTO film_genres (film_id, genre_id) VALUES (1143242, 2);
INSERT INTO film_genres (film_id, genre_id) VALUES (1143242, 17);
INSERT INTO film_genres (film_id, genre_id) VALUES (1143242, 11);
INSERT INTO film_genres (film_id, genre_id) VALUES (43395, 1);
INSERT INTO film_genres (film_id, genre_id) VALUES (43395, 12);
INSERT INTO film_genres (film_id, genre_id) VALUES (43395, 13);
INSERT INTO film_genres (film_id, genre_id) VALUES (474, 1);
INSERT INTO film_genres (film_id, genre_id) VALUES (474, 6);
INSERT INTO film_genres (film_id, genre_id) VALUES (474, 17);
INSERT INTO film_genres (film_id, genre_id) VALUES (474, 13);
INSERT INTO film_genres (film_id, genre_id) VALUES (41519, 1);
INSERT INTO film_genres (film_id, genre_id) VALUES (41519, 2);
INSERT INTO film_genres (film_id, genre_id) VALUES (41519, 17);
INSERT INTO film_genres (film_id, genre_id) VALUES (111543, 15);
INSERT INTO film_genres (film_id, genre_id) VALUES (111543, 1);
INSERT INTO film_genres (film_id, genre_id) VALUES (111543, 2);
INSERT INTO film_genres (film_id, genre_id) VALUES (111543, 4);
INSERT INTO film_genres (film_id, genre_id) VALUES (111543, 17);
INSERT INTO film_genres (film_id, genre_id) VALUES (450213, 1);
INSERT INTO film_genres (film_id, genre_id) VALUES (450213, 16);
INSERT INTO film_genres (film_id, genre_id) VALUES (450213, 19);
INSERT INTO film_genres (film_id, genre_id) VALUES (573759, 6);
INSERT INTO film_genres (film_id, genre_id) VALUES (573759, 11);
INSERT INTO film_genres (film_id, genre_id) VALUES (573759, 7);
INSERT INTO film_genres (film_id, genre_id) VALUES (573759, 9);
INSERT INTO film_genres (film_id, genre_id) VALUES (324, 2);
INSERT INTO film_genres (film_id, genre_id) VALUES (324, 16);
INSERT INTO film_genres (film_id, genre_id) VALUES (324, 11);
INSERT INTO film_genres (film_id, genre_id) VALUES (775273, 1);
INSERT INTO film_genres (film_id, genre_id) VALUES (775273, 6);
INSERT INTO film_genres (film_id, genre_id) VALUES (775273, 5);
INSERT INTO film_genres (film_id, genre_id) VALUES (775273, 11);
INSERT INTO film_genres (film_id, genre_id) VALUES (775273, 14);
INSERT INTO film_genres (film_id, genre_id) VALUES (775273, 7);
INSERT INTO film_genres (film_id, genre_id) VALUES (775273, 8);
INSERT INTO film_genres (film_id, genre_id) VALUES (8124, 11);
INSERT INTO film_genres (film_id, genre_id) VALUES (8124, 8);
INSERT INTO film_genres (film_id, genre_id) VALUES (325, 1);
INSERT INTO film_genres (film_id, genre_id) VALUES (325, 2);
INSERT INTO film_genres (film_id, genre_id) VALUES (195334, 15);
INSERT INTO film_genres (film_id, genre_id) VALUES (195334, 1);
INSERT INTO film_genres (film_id, genre_id) VALUES (195334, 3);
INSERT INTO film_genres (film_id, genre_id) VALUES (195334, 4);
INSERT INTO film_genres (film_id, genre_id) VALUES (346, 1);
INSERT INTO film_genres (film_id, genre_id) VALUES (346, 2);
INSERT INTO film_genres (film_id, genre_id) VALUES (346, 3);
INSERT INTO film_genres (film_id, genre_id) VALUES (389, 15);
INSERT INTO film_genres (film_id, genre_id) VALUES (389, 1);
INSERT INTO film_genres (film_id, genre_id) VALUES (389, 2);
INSERT INTO film_genres (film_id, genre_id) VALUES (389, 17);
INSERT INTO film_genres (film_id, genre_id) VALUES (444, 15);
INSERT INTO film_genres (film_id, genre_id) VALUES (444, 4);
INSERT INTO film_genres (film_id, genre_id) VALUES (444, 17);
INSERT INTO film_genres (film_id, genre_id) VALUES (322, 6);
INSERT INTO film_genres (film_id, genre_id) VALUES (322, 5);
INSERT INTO film_genres (film_id, genre_id) VALUES (322, 8);
INSERT INTO film_genres (film_id, genre_id) VALUES (45146, 10);
INSERT INTO film_genres (film_id, genre_id) VALUES (45146, 11);
INSERT INTO film_genres (film_id, genre_id) VALUES (689, 6);
INSERT INTO film_genres (film_id, genre_id) VALUES (689, 5);
INSERT INTO film_genres (film_id, genre_id) VALUES (689, 8);
INSERT INTO film_genres (film_id, genre_id) VALUES (725190, 1);
INSERT INTO film_genres (film_id, genre_id) VALUES (725190, 14);
INSERT INTO film_genres (film_id, genre_id) VALUES (81314, 15);
INSERT INTO film_genres (film_id, genre_id) VALUES (81314, 1);
INSERT INTO film_genres (film_id, genre_id) VALUES (81314, 2);
INSERT INTO film_genres (film_id, genre_id) VALUES (77335, 1);
INSERT INTO film_genres (film_id, genre_id) VALUES (77335, 4);
INSERT INTO film_genres (film_id, genre_id) VALUES (77335, 11);
INSERT INTO film_genres (film_id, genre_id) VALUES (530, 1);
INSERT INTO film_genres (film_id, genre_id) VALUES (530, 10);
INSERT INTO film_genres (film_id, genre_id) VALUES (530, 16);
INSERT INTO film_genres (film_id, genre_id) VALUES (42770, 1);
INSERT INTO film_genres (film_id, genre_id) VALUES (42770, 12);
INSERT INTO film_genres (film_id, genre_id) VALUES (49684, 10);
INSERT INTO film_genres (film_id, genre_id) VALUES (49684, 6);
INSERT INTO film_genres (film_id, genre_id) VALUES (49684, 5);
INSERT INTO film_genres (film_id, genre_id) VALUES (49684, 7);
INSERT INTO film_genres (film_id, genre_id) VALUES (49684, 18);
INSERT INTO film_genres (film_id, genre_id) VALUES (44745, 10);
INSERT INTO film_genres (film_id, genre_id) VALUES (44745, 6);
INSERT INTO film_genres (film_id, genre_id) VALUES (44745, 11);
INSERT INTO film_genres (film_id, genre_id) VALUES (44745, 9);
INSERT INTO film_genres (film_id, genre_id) VALUES (1108577, 1);
INSERT INTO film_genres (film_id, genre_id) VALUES (1108577, 16);
INSERT INTO film_genres (film_id, genre_id) VALUES (1108577, 11);
INSERT INTO film_genres (film_id, genre_id) VALUES (5502, 4);
INSERT INTO film_genres (film_id, genre_id) VALUES (5502, 6);
INSERT INTO film_genres (film_id, genre_id) VALUES (5502, 17);
INSERT INTO film_genres (film_id, genre_id) VALUES (5502, 11);
INSERT INTO film_genres (film_id, genre_id) VALUES (5502, 8);
INSERT INTO film_genres (film_id, genre_id) VALUES (586397, 1);
INSERT INTO film_genres (film_id, genre_id) VALUES (586397, 20);
INSERT INTO film_genres (film_id, genre_id) VALUES (586397, 17);
INSERT INTO film_genres (film_id, genre_id) VALUES (586397, 11);
INSERT INTO film_genres (film_id, genre_id) VALUES (41520, 2);
INSERT INTO film_genres (film_id, genre_id) VALUES (41520, 17);
INSERT INTO film_genres (film_id, genre_id) VALUES (43869, 1);
INSERT INTO film_genres (film_id, genre_id) VALUES (43869, 10);
INSERT INTO film_genres (film_id, genre_id) VALUES (43869, 11);
INSERT INTO film_genres (film_id, genre_id) VALUES (958722, 1);
INSERT INTO film_genres (film_id, genre_id) VALUES (958722, 10);
INSERT INTO film_genres (film_id, genre_id) VALUES (958722, 5);
INSERT INTO film_genres (film_id, genre_id) VALUES (958722, 7);
INSERT INTO film_genres (film_id, genre_id) VALUES (958722, 18);
INSERT INTO film_genres (film_id, genre_id) VALUES (2213, 15);
INSERT INTO film_genres (film_id, genre_id) VALUES (2213, 1);
INSERT INTO film_genres (film_id, genre_id) VALUES (2213, 10);
INSERT INTO film_genres (film_id, genre_id) VALUES (2213, 13);
INSERT INTO film_genres (film_id, genre_id) VALUES (381, 1);
INSERT INTO film_genres (film_id, genre_id) VALUES (381, 10);
INSERT INTO film_genres (film_id, genre_id) VALUES (381, 11);
INSERT INTO film_genres (film_id, genre_id) VALUES (381, 12);
INSERT INTO film_genres (film_id, genre_id) VALUES (77269, 2);
INSERT INTO film_genres (film_id, genre_id) VALUES (77269, 3);
INSERT INTO film_genres (film_id, genre_id) VALUES (42736, 1);
INSERT INTO film_genres (film_id, genre_id) VALUES (42736, 10);
INSERT INTO film_genres (film_id, genre_id) VALUES (42736, 12);
INSERT INTO film_genres (film_id, genre_id) VALUES (462682, 1);
INSERT INTO film_genres (film_id, genre_id) VALUES (462682, 2);
INSERT INTO film_genres (film_id, genre_id) VALUES (462682, 16);
INSERT INTO film_genres (film_id, genre_id) VALUES (462682, 11);
INSERT INTO film_genres (film_id, genre_id) VALUES (355, 1);
INSERT INTO film_genres (film_id, genre_id) VALUES (355, 16);
INSERT INTO film_genres (film_id, genre_id) VALUES (355, 12);
INSERT INTO film_genres (film_id, genre_id) VALUES (355, 14);
INSERT INTO film_genres (film_id, genre_id) VALUES (458, 6);
INSERT INTO film_genres (film_id, genre_id) VALUES (458, 5);
INSERT INTO film_genres (film_id, genre_id) VALUES (458, 11);
INSERT INTO film_genres (film_id, genre_id) VALUES (458, 7);
INSERT INTO film_genres (film_id, genre_id) VALUES (458, 8);
INSERT INTO film_genres (film_id, genre_id) VALUES (345, 15);
INSERT INTO film_genres (film_id, genre_id) VALUES (345, 1);
INSERT INTO film_genres (film_id, genre_id) VALUES (345, 2);
INSERT INTO film_genres (film_id, genre_id) VALUES (345, 3);
INSERT INTO film_genres (film_id, genre_id) VALUES (345, 21);
INSERT INTO film_genres (film_id, genre_id) VALUES (89514, 1);
INSERT INTO film_genres (film_id, genre_id) VALUES (89514, 6);
INSERT INTO film_genres (film_id, genre_id) VALUES (89514, 5);
INSERT INTO film_genres (film_id, genre_id) VALUES (89514, 11);
INSERT INTO film_genres (film_id, genre_id) VALUES (89514, 7);
INSERT INTO film_genres (film_id, genre_id) VALUES (89514, 8);
INSERT INTO film_genres (film_id, genre_id) VALUES (538, 4);
INSERT INTO film_genres (film_id, genre_id) VALUES (538, 6);
INSERT INTO film_genres (film_id, genre_id) VALUES (538, 17);
INSERT INTO film_genres (film_id, genre_id) VALUES (538, 11);
INSERT INTO film_genres (film_id, genre_id) VALUES (538, 7);
INSERT INTO film_genres (film_id, genre_id) VALUES (538, 8);
INSERT INTO film_genres (film_id, genre_id) VALUES (63912, 10);
INSERT INTO film_genres (film_id, genre_id) VALUES (63912, 11);
INSERT INTO film_genres (film_id, genre_id) VALUES (5619, 4);
INSERT INTO film_genres (film_id, genre_id) VALUES (5619, 6);
INSERT INTO film_genres (film_id, genre_id) VALUES (5619, 17);
INSERT INTO film_genres (film_id, genre_id) VALUES (5619, 5);
INSERT INTO film_genres (film_id, genre_id) VALUES (46225, 2);
INSERT INTO film_genres (film_id, genre_id) VALUES (46225, 6);
INSERT INTO film_genres (film_id, genre_id) VALUES (46225, 11);
INSERT INTO film_genres (film_id, genre_id) VALUES (46225, 8);
INSERT INTO film_genres (film_id, genre_id) VALUES (4541, 1);
INSERT INTO film_genres (film_id, genre_id) VALUES (4541, 4);
INSERT INTO film_genres (film_id, genre_id) VALUES (4541, 11);
INSERT INTO film_genres (film_id, genre_id) VALUES (278522, 6);
INSERT INTO film_genres (film_id, genre_id) VALUES (278522, 17);
INSERT INTO film_genres (film_id, genre_id) VALUES (278522, 5);
INSERT INTO film_genres (film_id, genre_id) VALUES (42172, 4);
INSERT INTO film_genres (film_id, genre_id) VALUES (42172, 6);
INSERT INTO film_genres (film_id, genre_id) VALUES (42172, 5);
INSERT INTO film_genres (film_id, genre_id) VALUES (42172, 7);
INSERT INTO film_genres (film_id, genre_id) VALUES (42172, 8);
INSERT INTO film_genres (film_id, genre_id) VALUES (407636, 1);
INSERT INTO film_genres (film_id, genre_id) VALUES (407636, 3);
INSERT INTO film_genres (film_id, genre_id) VALUES (407636, 6);
INSERT INTO film_genres (film_id, genre_id) VALUES (407636, 5);
INSERT INTO film_genres (film_id, genre_id) VALUES (819101, 15);
INSERT INTO film_genres (film_id, genre_id) VALUES (819101, 1);
INSERT INTO film_genres (film_id, genre_id) VALUES (819101, 2);
INSERT INTO film_genres (film_id, genre_id) VALUES (819101, 3);
INSERT INTO film_genres (film_id, genre_id) VALUES (819101, 20);
INSERT INTO film_genres (film_id, genre_id) VALUES (649917, 1);
INSERT INTO film_genres (film_id, genre_id) VALUES (649917, 16);
INSERT INTO film_genres (film_id, genre_id) VALUES (649917, 12);
INSERT INTO film_genres (film_id, genre_id) VALUES (649917, 13);
INSERT INTO film_genres (film_id, genre_id) VALUES (408410, 1);
INSERT INTO film_genres (film_id, genre_id) VALUES (4996, 1);
INSERT INTO film_genres (film_id, genre_id) VALUES (4996, 11);
INSERT INTO film_genres (film_id, genre_id) VALUES (382, 1);
INSERT INTO film_genres (film_id, genre_id) VALUES (775276, 2);
INSERT INTO film_genres (film_id, genre_id) VALUES (775276, 3);
INSERT INTO film_genres (film_id, genre_id) VALUES (775276, 6);
INSERT INTO film_genres (film_id, genre_id) VALUES (775276, 11);
INSERT INTO film_genres (film_id, genre_id) VALUES (775276, 7);
INSERT INTO film_genres (film_id, genre_id) VALUES (775276, 8);
INSERT INTO film_genres (film_id, genre_id) VALUES (399, 1);
INSERT INTO film_genres (film_id, genre_id) VALUES (399, 16);
INSERT INTO film_genres (film_id, genre_id) VALUES (399, 12);
INSERT INTO film_genres (film_id, genre_id) VALUES (399, 13);
INSERT INTO film_genres (film_id, genre_id) VALUES (527, 10);
INSERT INTO film_genres (film_id, genre_id) VALUES (527, 5);
INSERT INTO film_genres (film_id, genre_id) VALUES (527, 11);
INSERT INTO film_genres (film_id, genre_id) VALUES (44168, 10);
INSERT INTO film_genres (film_id, genre_id) VALUES (44168, 11);
INSERT INTO film_genres (film_id, genre_id) VALUES (377, 15);
INSERT INTO film_genres (film_id, genre_id) VALUES (377, 1);
INSERT INTO film_genres (film_id, genre_id) VALUES (377, 2);
INSERT INTO film_genres (film_id, genre_id) VALUES (377, 3);
INSERT INTO film_genres (film_id, genre_id) VALUES (387556, 1);
INSERT INTO film_genres (film_id, genre_id) VALUES (387556, 16);
INSERT INTO film_genres (film_id, genre_id) VALUES (387556, 8);
INSERT INTO film_genres (film_id, genre_id) VALUES (5277, 6);
INSERT INTO film_genres (film_id, genre_id) VALUES (5277, 5);
INSERT INTO film_genres (film_id, genre_id) VALUES (5277, 12);
INSERT INTO film_genres (film_id, genre_id) VALUES (5277, 7);
INSERT INTO film_genres (film_id, genre_id) VALUES (5277, 8);
INSERT INTO film_genres (film_id, genre_id) VALUES (5277, 9);
INSERT INTO film_genres (film_id, genre_id) VALUES (441, 1);
INSERT INTO film_genres (film_id, genre_id) VALUES (441, 6);
INSERT INTO film_genres (film_id, genre_id) VALUES (441, 5);
INSERT INTO film_genres (film_id, genre_id) VALUES (441, 7);
INSERT INTO film_genres (film_id, genre_id) VALUES (441, 18);
INSERT INTO film_genres (film_id, genre_id) VALUES (5273, 10);
INSERT INTO film_genres (film_id, genre_id) VALUES (5273, 6);
INSERT INTO film_genres (film_id, genre_id) VALUES (5273, 5);
INSERT INTO film_genres (film_id, genre_id) VALUES (5273, 11);
INSERT INTO film_genres (film_id, genre_id) VALUES (5273, 7);
INSERT INTO film_genres (film_id, genre_id) VALUES (5273, 8);
INSERT INTO film_genres (film_id, genre_id) VALUES (645118, 11);
INSERT INTO film_genres (film_id, genre_id) VALUES (645118, 7);
INSERT INTO film_genres (film_id, genre_id) VALUES (645118, 8);
INSERT INTO film_genres (film_id, genre_id) VALUES (325381, 1);
INSERT INTO film_genres (film_id, genre_id) VALUES (325381, 6);
INSERT INTO film_genres (film_id, genre_id) VALUES (325381, 11);
INSERT INTO film_genres (film_id, genre_id) VALUES (325381, 7);
INSERT INTO film_genres (film_id, genre_id) VALUES (325381, 8);
INSERT INTO film_genres (film_id, genre_id) VALUES (688, 6);
INSERT INTO film_genres (film_id, genre_id) VALUES (688, 5);
INSERT INTO film_genres (film_id, genre_id) VALUES (688, 8);
INSERT INTO film_genres (film_id, genre_id) VALUES (44027, 1);
INSERT INTO film_genres (film_id, genre_id) VALUES (44027, 12);
INSERT INTO film_genres (film_id, genre_id) VALUES (2361, 10);
INSERT INTO film_genres (film_id, genre_id) VALUES (2361, 6);
INSERT INTO film_genres (film_id, genre_id) VALUES (2361, 5);
INSERT INTO film_genres (film_id, genre_id) VALUES (2361, 11);
INSERT INTO film_genres (film_id, genre_id) VALUES (2361, 7);
INSERT INTO film_genres (film_id, genre_id) VALUES (2361, 8);
INSERT INTO film_genres (film_id, genre_id) VALUES (2361, 9);
INSERT INTO film_genres (film_id, genre_id) VALUES (356, 2);
INSERT INTO film_genres (film_id, genre_id) VALUES (356, 10);
INSERT INTO film_genres (film_id, genre_id) VALUES (356, 6);
INSERT INTO film_genres (film_id, genre_id) VALUES (356, 11);
INSERT INTO film_genres (film_id, genre_id) VALUES (356, 14);
INSERT INTO film_genres (film_id, genre_id) VALUES (5167, 15);
INSERT INTO film_genres (film_id, genre_id) VALUES (5167, 1);
INSERT INTO film_genres (film_id, genre_id) VALUES (5167, 4);
INSERT INTO film_genres (film_id, genre_id) VALUES (77531, 1);
INSERT INTO film_genres (film_id, genre_id) VALUES (77531, 16);
INSERT INTO film_genres (film_id, genre_id) VALUES (77531, 19);
INSERT INTO film_genres (film_id, genre_id) VALUES (835086, 1);
INSERT INTO film_genres (film_id, genre_id) VALUES (835086, 16);
INSERT INTO film_genres (film_id, genre_id) VALUES (835086, 17);
INSERT INTO film_genres (film_id, genre_id) VALUES (835086, 19);
INSERT INTO film_genres (film_id, genre_id) VALUES (3797, 15);
INSERT INTO film_genres (film_id, genre_id) VALUES (3797, 1);
INSERT INTO film_genres (film_id, genre_id) VALUES (3797, 3);
INSERT INTO film_genres (film_id, genre_id) VALUES (3797, 5);
INSERT INTO film_genres (film_id, genre_id) VALUES (12198, 15);
INSERT INTO film_genres (film_id, genre_id) VALUES (12198, 1);
INSERT INTO film_genres (film_id, genre_id) VALUES (12198, 3);
INSERT INTO film_genres (film_id, genre_id) VALUES (12198, 6);
INSERT INTO film_genres (film_id, genre_id) VALUES (395787, 1);
INSERT INTO film_genres (film_id, genre_id) VALUES (395787, 10);
INSERT INTO film_genres (film_id, genre_id) VALUES (336, 1);
INSERT INTO film_genres (film_id, genre_id) VALUES (63991, 6);
INSERT INTO film_genres (film_id, genre_id) VALUES (63991, 17);
INSERT INTO film_genres (film_id, genre_id) VALUES (63991, 5);
INSERT INTO film_genres (film_id, genre_id) VALUES (2950, 1);
INSERT INTO film_genres (film_id, genre_id) VALUES (2950, 16);
INSERT INTO film_genres (film_id, genre_id) VALUES (714248, 1);
INSERT INTO film_genres (film_id, genre_id) VALUES (714248, 6);
INSERT INTO film_genres (film_id, genre_id) VALUES (714248, 5);
INSERT INTO film_genres (film_id, genre_id) VALUES (714248, 7);
INSERT INTO film_genres (film_id, genre_id) VALUES (714248, 8);
INSERT INTO film_genres (film_id, genre_id) VALUES (1015471, 1);
INSERT INTO film_genres (film_id, genre_id) VALUES (1015471, 6);
INSERT INTO film_genres (film_id, genre_id) VALUES (1015471, 17);
INSERT INTO film_genres (film_id, genre_id) VALUES (1015471, 5);
INSERT INTO film_genres (film_id, genre_id) VALUES (1015471, 11);
INSERT INTO film_genres (film_id, genre_id) VALUES (1015471, 7);
INSERT INTO film_genres (film_id, genre_id) VALUES (1015471, 8);
INSERT INTO film_genres (film_id, genre_id) VALUES (338, 4);
INSERT INTO film_genres (film_id, genre_id) VALUES (338, 6);
INSERT INTO film_genres (film_id, genre_id) VALUES (338, 17);
INSERT INTO film_genres (film_id, genre_id) VALUES (338, 5);
INSERT INTO film_genres (film_id, genre_id) VALUES (6877, 1);
INSERT INTO film_genres (film_id, genre_id) VALUES (6877, 10);
INSERT INTO film_genres (film_id, genre_id) VALUES (6877, 11);
INSERT INTO film_genres (film_id, genre_id) VALUES (7640, 1);
INSERT INTO film_genres (film_id, genre_id) VALUES (7640, 4);
INSERT INTO film_genres (film_id, genre_id) VALUES (7640, 11);
INSERT INTO film_genres (film_id, genre_id) VALUES (456, 1);
INSERT INTO film_genres (film_id, genre_id) VALUES (456, 10);
INSERT INTO film_genres (film_id, genre_id) VALUES (456, 12);
INSERT INTO film_genres (film_id, genre_id) VALUES (456, 13);
INSERT INTO film_genres (film_id, genre_id) VALUES (2656, 15);
INSERT INTO film_genres (film_id, genre_id) VALUES (2656, 4);
INSERT INTO film_genres (film_id, genre_id) VALUES (2656, 17);
INSERT INTO film_genres (film_id, genre_id) VALUES (2656, 11);
INSERT INTO film_genres (film_id, genre_id) VALUES (61237, 4);
INSERT INTO film_genres (film_id, genre_id) VALUES (61237, 6);
INSERT INTO film_genres (film_id, genre_id) VALUES (61237, 17);
INSERT INTO film_genres (film_id, genre_id) VALUES (7103, 4);
INSERT INTO film_genres (film_id, genre_id) VALUES (7103, 6);
INSERT INTO film_genres (film_id, genre_id) VALUES (7103, 20);
INSERT INTO film_genres (film_id, genre_id) VALUES (7103, 11);
INSERT INTO film_genres (film_id, genre_id) VALUES (958541, 6);
INSERT INTO film_genres (film_id, genre_id) VALUES (958541, 5);
INSERT INTO film_genres (film_id, genre_id) VALUES (958541, 7);
INSERT INTO film_genres (film_id, genre_id) VALUES (958541, 8);
INSERT INTO film_genres (film_id, genre_id) VALUES (470191, 1);
INSERT INTO film_genres (film_id, genre_id) VALUES (470191, 10);
INSERT INTO film_genres (film_id, genre_id) VALUES (470191, 11);
INSERT INTO film_genres (film_id, genre_id) VALUES (470191, 19);
INSERT INTO film_genres (film_id, genre_id) VALUES (592260, 1);
INSERT INTO film_genres (film_id, genre_id) VALUES (592260, 2);
INSERT INTO film_genres (film_id, genre_id) VALUES (592260, 6);
INSERT INTO film_genres (film_id, genre_id) VALUES (592260, 5);
INSERT INTO film_genres (film_id, genre_id) VALUES (592260, 11);
INSERT INTO film_genres (film_id, genre_id) VALUES (592260, 7);
INSERT INTO film_genres (film_id, genre_id) VALUES (592260, 8);
INSERT INTO film_genres (film_id, genre_id) VALUES (4871, 1);
INSERT INTO film_genres (film_id, genre_id) VALUES (77132, 1);
INSERT INTO film_genres (film_id, genre_id) VALUES (77132, 10);
INSERT INTO film_genres (film_id, genre_id) VALUES (485311, 1);
INSERT INTO film_genres (film_id, genre_id) VALUES (485311, 16);
INSERT INTO film_genres (film_id, genre_id) VALUES (485311, 13);
INSERT INTO film_genres (film_id, genre_id) VALUES (46068, 1);
INSERT INTO film_genres (film_id, genre_id) VALUES (1008113, 1);
INSERT INTO film_genres (film_id, genre_id) VALUES (1008113, 16);
INSERT INTO film_genres (film_id, genre_id) VALUES (1008113, 13);
INSERT INTO film_genres (film_id, genre_id) VALUES (408876, 6);
INSERT INTO film_genres (film_id, genre_id) VALUES (408876, 17);
INSERT INTO film_genres (film_id, genre_id) VALUES (408876, 5);
INSERT INTO film_genres (film_id, genre_id) VALUES (349, 20);
INSERT INTO film_genres (film_id, genre_id) VALUES (920265, 4);
INSERT INTO film_genres (film_id, genre_id) VALUES (920265, 6);
INSERT INTO film_genres (film_id, genre_id) VALUES (920265, 17);
INSERT INTO film_genres (film_id, genre_id) VALUES (920265, 7);
INSERT INTO film_genres (film_id, genre_id) VALUES (920265, 8);
INSERT INTO film_genres (film_id, genre_id) VALUES (8221, 6);
INSERT INTO film_genres (film_id, genre_id) VALUES (8221, 5);
INSERT INTO film_genres (film_id, genre_id) VALUES (8221, 7);
INSERT INTO film_genres (film_id, genre_id) VALUES (8221, 8);
INSERT INTO film_genres (film_id, genre_id) VALUES (8221, 18);
INSERT INTO film_genres (film_id, genre_id) VALUES (627, 1);
INSERT INTO film_genres (film_id, genre_id) VALUES (627, 10);
INSERT INTO film_genres (film_id, genre_id) VALUES (627, 6);
INSERT INTO film_genres (film_id, genre_id) VALUES (44238, 11);
INSERT INTO film_genres (film_id, genre_id) VALUES (44238, 8);
INSERT INTO film_genres (film_id, genre_id) VALUES (6006, 6);
INSERT INTO film_genres (film_id, genre_id) VALUES (6006, 11);
INSERT INTO film_genres (film_id, genre_id) VALUES (6006, 7);
INSERT INTO film_genres (film_id, genre_id) VALUES (6006, 8);
INSERT INTO film_genres (film_id, genre_id) VALUES (843649, 4);
INSERT INTO film_genres (film_id, genre_id) VALUES (843649, 6);
INSERT INTO film_genres (film_id, genre_id) VALUES (843649, 17);
INSERT INTO film_genres (film_id, genre_id) VALUES (102124, 6);
INSERT INTO film_genres (film_id, genre_id) VALUES (102124, 17);
INSERT INTO film_genres (film_id, genre_id) VALUES (102124, 5);
INSERT INTO film_genres (film_id, genre_id) VALUES (81555, 1);
INSERT INTO film_genres (film_id, genre_id) VALUES (81555, 5);
INSERT INTO film_genres (film_id, genre_id) VALUES (839, 1);
INSERT INTO film_genres (film_id, genre_id) VALUES (839, 6);
INSERT INTO film_genres (film_id, genre_id) VALUES (839, 20);
INSERT INTO film_genres (film_id, genre_id) VALUES (839, 7);
INSERT INTO film_genres (film_id, genre_id) VALUES (839, 8);
INSERT INTO film_genres (film_id, genre_id) VALUES (371, 1);
INSERT INTO film_genres (film_id, genre_id) VALUES (371, 12);
INSERT INTO film_genres (film_id, genre_id) VALUES (77283, 1);
INSERT INTO film_genres (film_id, genre_id) VALUES (77283, 5);
INSERT INTO film_genres (film_id, genre_id) VALUES (77283, 11);
INSERT INTO film_genres (film_id, genre_id) VALUES (694633, 6);
INSERT INTO film_genres (film_id, genre_id) VALUES (694633, 17);
INSERT INTO film_genres (film_id, genre_id) VALUES (694633, 5);
INSERT INTO film_genres (film_id, genre_id) VALUES (689066, 4);
INSERT INTO film_genres (film_id, genre_id) VALUES (689066, 6);
INSERT INTO film_genres (film_id, genre_id) VALUES (689066, 17);
INSERT INTO film_genres (film_id, genre_id) VALUES (689066, 11);
INSERT INTO film_genres (film_id, genre_id) VALUES (963343, 1);
INSERT INTO film_genres (film_id, genre_id) VALUES (963343, 10);
INSERT INTO film_genres (film_id, genre_id) VALUES (963343, 7);
INSERT INTO film_genres (film_id, genre_id) VALUES (963343, 18);
INSERT INTO film_genres (film_id, genre_id) VALUES (5928, 6);
INSERT INTO film_genres (film_id, genre_id) VALUES (5928, 11);
INSERT INTO film_genres (film_id, genre_id) VALUES (5928, 8);
INSERT INTO film_genres (film_id, genre_id) VALUES (1254059, 1);
INSERT INTO film_genres (film_id, genre_id) VALUES (1254059, 16);
INSERT INTO film_genres (film_id, genre_id) VALUES (9691, 1);
INSERT INTO film_genres (film_id, genre_id) VALUES (9691, 17);
INSERT INTO film_genres (film_id, genre_id) VALUES (9691, 11);
INSERT INTO film_genres (film_id, genre_id) VALUES (9691, 12);
INSERT INTO film_genres (film_id, genre_id) VALUES (41431, 1);
INSERT INTO film_genres (film_id, genre_id) VALUES (41431, 17);
INSERT INTO film_genres (film_id, genre_id) VALUES (41431, 12);
INSERT INTO film_genres (film_id, genre_id) VALUES (447, 4);
INSERT INTO film_genres (film_id, genre_id) VALUES (447, 6);
INSERT INTO film_genres (film_id, genre_id) VALUES (447, 17);
INSERT INTO film_genres (film_id, genre_id) VALUES (447, 5);
INSERT INTO film_genres (film_id, genre_id) VALUES (470553, 1);
INSERT INTO film_genres (film_id, genre_id) VALUES (7097, 1);
INSERT INTO film_genres (film_id, genre_id) VALUES (7097, 6);
INSERT INTO film_genres (film_id, genre_id) VALUES (7097, 13);
INSERT INTO film_genres (film_id, genre_id) VALUES (7097, 7);
INSERT INTO film_genres (film_id, genre_id) VALUES (7097, 8);
INSERT INTO film_genres (film_id, genre_id) VALUES (333, 4);
INSERT INTO film_genres (film_id, genre_id) VALUES (333, 6);
INSERT INTO film_genres (film_id, genre_id) VALUES (333, 17);
INSERT INTO film_genres (film_id, genre_id) VALUES (333, 5);
INSERT INTO film_genres (film_id, genre_id) VALUES (519, 1);
INSERT INTO film_genres (film_id, genre_id) VALUES (848894, 1);
INSERT INTO film_genres (film_id, genre_id) VALUES (848894, 10);
INSERT INTO film_genres (film_id, genre_id) VALUES (848894, 11);
INSERT INTO film_genres (film_id, genre_id) VALUES (7908, 6);
INSERT INTO film_genres (film_id, genre_id) VALUES (7908, 11);
INSERT INTO film_genres (film_id, genre_id) VALUES (7908, 7);
INSERT INTO film_genres (film_id, genre_id) VALUES (7908, 8);
INSERT INTO film_genres (film_id, genre_id) VALUES (3442, 1);
INSERT INTO film_genres (film_id, genre_id) VALUES (3442, 10);
INSERT INTO film_genres (film_id, genre_id) VALUES (3442, 17);
INSERT INTO film_genres (film_id, genre_id) VALUES (3442, 13);
INSERT INTO film_genres (film_id, genre_id) VALUES (281251, 1);
INSERT INTO film_genres (film_id, genre_id) VALUES (281251, 12);
INSERT INTO film_genres (film_id, genre_id) VALUES (281251, 13);
INSERT INTO film_genres (film_id, genre_id) VALUES (14349, 2);
INSERT INTO film_genres (film_id, genre_id) VALUES (14349, 17);
INSERT INTO film_genres (film_id, genre_id) VALUES (14349, 11);
INSERT INTO film_genres (film_id, genre_id) VALUES (7724, 1);
INSERT INTO film_genres (film_id, genre_id) VALUES (7724, 10);
INSERT INTO film_genres (film_id, genre_id) VALUES (7724, 12);
INSERT INTO film_genres (film_id, genre_id) VALUES (7724, 13);
INSERT INTO film_genres (film_id, genre_id) VALUES (1091, 4);
INSERT INTO film_genres (film_id, genre_id) VALUES (1091, 6);
INSERT INTO film_genres (film_id, genre_id) VALUES (1091, 17);
INSERT INTO film_genres (film_id, genre_id) VALUES (1091, 11);
INSERT INTO film_genres (film_id, genre_id) VALUES (350, 1);
INSERT INTO film_genres (film_id, genre_id) VALUES (350, 2);
INSERT INTO film_genres (film_id, genre_id) VALUES (350, 16);
INSERT INTO film_genres (film_id, genre_id) VALUES (1188529, 1);
INSERT INTO film_genres (film_id, genre_id) VALUES (1188529, 2);
INSERT INTO film_genres (film_id, genre_id) VALUES (1188529, 3);
INSERT INTO film_genres (film_id, genre_id) VALUES (1188529, 11);
INSERT INTO film_genres (film_id, genre_id) VALUES (77264, 2);
INSERT INTO film_genres (film_id, genre_id) VALUES (77264, 10);
INSERT INTO film_genres (film_id, genre_id) VALUES (77264, 3);
INSERT INTO film_genres (film_id, genre_id) VALUES (77548, 1);
INSERT INTO film_genres (film_id, genre_id) VALUES (77548, 10);
INSERT INTO film_genres (film_id, genre_id) VALUES (77548, 5);
INSERT INTO film_genres (film_id, genre_id) VALUES (77548, 7);
INSERT INTO film_genres (film_id, genre_id) VALUES (77548, 8);
INSERT INTO film_genres (film_id, genre_id) VALUES (77548, 9);
INSERT INTO film_genres (film_id, genre_id) VALUES (86326, 15);
INSERT INTO film_genres (film_id, genre_id) VALUES (86326, 1);
INSERT INTO film_genres (film_id, genre_id) VALUES (86326, 2);
INSERT INTO film_genres (film_id, genre_id) VALUES (86326, 17);
INSERT INTO film_genres (film_id, genre_id) VALUES (251733, 1);
INSERT INTO film_genres (film_id, genre_id) VALUES (251733, 4);
INSERT INTO film_genres (film_id, genre_id) VALUES (251733, 6);
INSERT INTO film_genres (film_id, genre_id) VALUES (251733, 17);
INSERT INTO film_genres (film_id, genre_id) VALUES (39259, 15);
INSERT INTO film_genres (film_id, genre_id) VALUES (39259, 1);
INSERT INTO film_genres (film_id, genre_id) VALUES (39259, 2);
INSERT INTO film_genres (film_id, genre_id) VALUES (39259, 17);
INSERT INTO film_genres (film_id, genre_id) VALUES (327, 1);
INSERT INTO film_genres (film_id, genre_id) VALUES (327, 2);
INSERT INTO film_genres (film_id, genre_id) VALUES (540, 10);
INSERT INTO film_genres (film_id, genre_id) VALUES (540, 5);
INSERT INTO film_genres (film_id, genre_id) VALUES (540, 7);
INSERT INTO film_genres (film_id, genre_id) VALUES (540, 8);
INSERT INTO film_genres (film_id, genre_id) VALUES (540, 9);
INSERT INTO film_genres (film_id, genre_id) VALUES (965754, 1);
INSERT INTO film_genres (film_id, genre_id) VALUES (965754, 16);
INSERT INTO film_genres (film_id, genre_id) VALUES (965754, 17);
INSERT INTO film_genres (film_id, genre_id) VALUES (46638, 1);
INSERT INTO film_genres (film_id, genre_id) VALUES (46638, 11);
INSERT INTO film_genres (film_id, genre_id) VALUES (260162, 1);
INSERT INTO film_genres (film_id, genre_id) VALUES (260162, 16);
INSERT INTO film_genres (film_id, genre_id) VALUES (482, 6);
INSERT INTO film_genres (film_id, genre_id) VALUES (482, 5);
INSERT INTO film_genres (film_id, genre_id) VALUES (482, 11);
INSERT INTO film_genres (film_id, genre_id) VALUES (482, 7);
INSERT INTO film_genres (film_id, genre_id) VALUES (482, 8);
INSERT INTO film_genres (film_id, genre_id) VALUES (81733, 1);
INSERT INTO film_genres (film_id, genre_id) VALUES (81733, 10);
INSERT INTO film_genres (film_id, genre_id) VALUES (683999, 2);
INSERT INTO film_genres (film_id, genre_id) VALUES (683999, 3);
INSERT INTO film_genres (film_id, genre_id) VALUES (683999, 6);
INSERT INTO film_genres (film_id, genre_id) VALUES (683999, 11);
INSERT INTO film_genres (film_id, genre_id) VALUES (707, 6);
INSERT INTO film_genres (film_id, genre_id) VALUES (707, 5);
INSERT INTO film_genres (film_id, genre_id) VALUES (707, 11);
INSERT INTO film_genres (film_id, genre_id) VALUES (707, 7);
INSERT INTO film_genres (film_id, genre_id) VALUES (707, 8);
INSERT INTO film_genres (film_id, genre_id) VALUES (751, 1);
INSERT INTO film_genres (film_id, genre_id) VALUES (751, 16);
INSERT INTO film_genres (film_id, genre_id) VALUES (378140, 15);
INSERT INTO film_genres (film_id, genre_id) VALUES (378140, 2);
INSERT INTO film_genres (film_id, genre_id) VALUES (378140, 17);
INSERT INTO film_genres (film_id, genre_id) VALUES (939785, 1);
INSERT INTO film_genres (film_id, genre_id) VALUES (939785, 4);
INSERT INTO film_genres (film_id, genre_id) VALUES (939785, 6);
INSERT INTO film_genres (film_id, genre_id) VALUES (939785, 5);
INSERT INTO film_genres (film_id, genre_id) VALUES (939785, 11);
INSERT INTO film_genres (film_id, genre_id) VALUES (939785, 7);
INSERT INTO film_genres (film_id, genre_id) VALUES (102130, 1);
INSERT INTO film_genres (film_id, genre_id) VALUES (102130, 10);
INSERT INTO film_genres (film_id, genre_id) VALUES (102130, 5);
INSERT INTO film_genres (film_id, genre_id) VALUES (46089, 2);
INSERT INTO film_genres (film_id, genre_id) VALUES (46089, 10);
INSERT INTO film_genres (film_id, genre_id) VALUES (46089, 11);
INSERT INTO film_genres (film_id, genre_id) VALUES (46789, 2);
INSERT INTO film_genres (film_id, genre_id) VALUES (46789, 6);
INSERT INTO film_genres (film_id, genre_id) VALUES (46789, 11);
INSERT INTO film_genres (film_id, genre_id) VALUES (10179, 2);
INSERT INTO film_genres (film_id, genre_id) VALUES (10179, 11);
INSERT INTO film_genres (film_id, genre_id) VALUES (45660, 1);
INSERT INTO film_genres (film_id, genre_id) VALUES (45660, 10);
INSERT INTO film_genres (film_id, genre_id) VALUES (42571, 1);
INSERT INTO film_genres (film_id, genre_id) VALUES (42571, 12);
INSERT INTO film_genres (film_id, genre_id) VALUES (42571, 13);
INSERT INTO film_genres (film_id, genre_id) VALUES (944098, 1);
INSERT INTO film_genres (film_id, genre_id) VALUES (944098, 2);
INSERT INTO film_genres (film_id, genre_id) VALUES (568289, 1);
INSERT INTO film_genres (film_id, genre_id) VALUES (568289, 16);
INSERT INTO film_genres (film_id, genre_id) VALUES (568289, 14);
INSERT INTO film_genres (film_id, genre_id) VALUES (437410, 15);
INSERT INTO film_genres (film_id, genre_id) VALUES (437410, 1);
INSERT INTO film_genres (film_id, genre_id) VALUES (437410, 2);
INSERT INTO film_genres (film_id, genre_id) VALUES (437410, 4);
INSERT INTO film_genres (film_id, genre_id) VALUES (437410, 17);
INSERT INTO film_genres (film_id, genre_id) VALUES (692861, 15);
INSERT INTO film_genres (film_id, genre_id) VALUES (692861, 1);
INSERT INTO film_genres (film_id, genre_id) VALUES (692861, 3);
INSERT INTO film_genres (film_id, genre_id) VALUES (838, 4);
INSERT INTO film_genres (film_id, genre_id) VALUES (838, 6);
INSERT INTO film_genres (film_id, genre_id) VALUES (838, 17);
INSERT INTO film_genres (film_id, genre_id) VALUES (280172, 6);
INSERT INTO film_genres (film_id, genre_id) VALUES (280172, 5);
INSERT INTO film_genres (film_id, genre_id) VALUES (280172, 11);
INSERT INTO film_genres (film_id, genre_id) VALUES (280172, 7);
INSERT INTO film_genres (film_id, genre_id) VALUES (280172, 8);
INSERT INTO film_genres (film_id, genre_id) VALUES (782, 1);
INSERT INTO film_genres (film_id, genre_id) VALUES (5059, 1);
INSERT INTO film_genres (film_id, genre_id) VALUES (5059, 10);
INSERT INTO film_genres (film_id, genre_id) VALUES (5059, 5);
INSERT INTO film_genres (film_id, genre_id) VALUES (808639, 1);
INSERT INTO film_genres (film_id, genre_id) VALUES (77265, 2);
INSERT INTO film_genres (film_id, genre_id) VALUES (77265, 3);
INSERT INTO film_genres (film_id, genre_id) VALUES (2513, 1);
INSERT INTO film_genres (film_id, genre_id) VALUES (2513, 6);
INSERT INTO film_genres (film_id, genre_id) VALUES (2513, 5);
INSERT INTO film_genres (film_id, genre_id) VALUES (2513, 7);
INSERT INTO film_genres (film_id, genre_id) VALUES (2513, 8);
INSERT INTO film_genres (film_id, genre_id) VALUES (2513, 9);
INSERT INTO film_genres (film_id, genre_id) VALUES (472, 6);
INSERT INTO film_genres (film_id, genre_id) VALUES (472, 17);
INSERT INTO film_genres (film_id, genre_id) VALUES (472, 11);
INSERT INTO film_genres (film_id, genre_id) VALUES (461939, 15);
INSERT INTO film_genres (film_id, genre_id) VALUES (461939, 1);
INSERT INTO film_genres (film_id, genre_id) VALUES (461939, 2);
INSERT INTO film_genres (film_id, genre_id) VALUES (461939, 3);
INSERT INTO film_genres (film_id, genre_id) VALUES (588672, 1);
INSERT INTO film_genres (film_id, genre_id) VALUES (3563, 1);
INSERT INTO film_genres (film_id, genre_id) VALUES (3563, 3);
INSERT INTO film_genres (film_id, genre_id) VALUES (3563, 4);
INSERT INTO film_genres (film_id, genre_id) VALUES (3563, 6);
INSERT INTO film_genres (film_id, genre_id) VALUES (3563, 5);
INSERT INTO film_genres (film_id, genre_id) VALUES (3563, 11);
INSERT INTO film_genres (film_id, genre_id) VALUES (394, 15);
INSERT INTO film_genres (film_id, genre_id) VALUES (394, 1);
INSERT INTO film_genres (film_id, genre_id) VALUES (394, 2);
INSERT INTO film_genres (film_id, genre_id) VALUES (104938, 1);
INSERT INTO film_genres (film_id, genre_id) VALUES (104938, 16);
INSERT INTO film_genres (film_id, genre_id) VALUES (6764, 1);
INSERT INTO film_genres (film_id, genre_id) VALUES (6764, 17);
INSERT INTO film_genres (film_id, genre_id) VALUES (6764, 12);
INSERT INTO film_genres (film_id, genre_id) VALUES (263531, 4);
INSERT INTO film_genres (film_id, genre_id) VALUES (263531, 6);
INSERT INTO film_genres (film_id, genre_id) VALUES (263531, 17);
INSERT INTO film_genres (film_id, genre_id) VALUES (263531, 5);
INSERT INTO film_genres (film_id, genre_id) VALUES (539, 1);
INSERT INTO film_genres (film_id, genre_id) VALUES (539, 10);
INSERT INTO film_genres (film_id, genre_id) VALUES (1991, 15);
INSERT INTO film_genres (film_id, genre_id) VALUES (1991, 1);
INSERT INTO film_genres (film_id, genre_id) VALUES (1991, 10);
INSERT INTO film_genres (film_id, genre_id) VALUES (1991, 5);
INSERT INTO film_genres (film_id, genre_id) VALUES (6039, 2);
INSERT INTO film_genres (film_id, genre_id) VALUES (6039, 5);
INSERT INTO film_genres (film_id, genre_id) VALUES (6039, 11);
INSERT INTO film_genres (film_id, genre_id) VALUES (252641, 1);
INSERT INTO film_genres (film_id, genre_id) VALUES (252641, 3);
INSERT INTO film_genres (film_id, genre_id) VALUES (252641, 4);
INSERT INTO film_genres (film_id, genre_id) VALUES (252641, 17);
INSERT INTO film_genres (film_id, genre_id) VALUES (469, 1);
INSERT INTO film_genres (film_id, genre_id) VALUES (469, 2);
INSERT INTO film_genres (film_id, genre_id) VALUES (86621, 1);
INSERT INTO film_genres (film_id, genre_id) VALUES (86621, 2);
INSERT INTO film_genres (film_id, genre_id) VALUES (86621, 6);
INSERT INTO film_genres (film_id, genre_id) VALUES (86621, 11);
INSERT INTO film_genres (film_id, genre_id) VALUES (86621, 7);
INSERT INTO film_genres (film_id, genre_id) VALUES (86621, 8);
INSERT INTO film_genres (film_id, genre_id) VALUES (596125, 1);
INSERT INTO film_genres (film_id, genre_id) VALUES (596125, 16);
INSERT INTO film_genres (film_id, genre_id) VALUES (596125, 19);
INSERT INTO film_genres (film_id, genre_id) VALUES (255611, 1);
INSERT INTO film_genres (film_id, genre_id) VALUES (255611, 10);
INSERT INTO film_genres (film_id, genre_id) VALUES (255611, 3);
INSERT INTO film_genres (film_id, genre_id) VALUES (255611, 12);
INSERT INTO film_genres (film_id, genre_id) VALUES (1846, 4);
INSERT INTO film_genres (film_id, genre_id) VALUES (1846, 6);
INSERT INTO film_genres (film_id, genre_id) VALUES (1846, 5);
INSERT INTO film_genres (film_id, genre_id) VALUES (1846, 7);
INSERT INTO film_genres (film_id, genre_id) VALUES (1846, 8);
INSERT INTO film_genres (film_id, genre_id) VALUES (1846, 18);
INSERT INTO film_genres (film_id, genre_id) VALUES (738, 15);
INSERT INTO film_genres (film_id, genre_id) VALUES (738, 1);
INSERT INTO film_genres (film_id, genre_id) VALUES (738, 2);
INSERT INTO film_genres (film_id, genre_id) VALUES (681849, 15);
INSERT INTO film_genres (film_id, genre_id) VALUES (681849, 1);
INSERT INTO film_genres (film_id, genre_id) VALUES (681849, 2);
INSERT INTO film_genres (film_id, genre_id) VALUES (471, 15);
INSERT INTO film_genres (film_id, genre_id) VALUES (471, 2);
INSERT INTO film_genres (film_id, genre_id) VALUES (471, 17);
INSERT INTO film_genres (film_id, genre_id) VALUES (6695, 4);
INSERT INTO film_genres (film_id, genre_id) VALUES (6695, 6);
INSERT INTO film_genres (film_id, genre_id) VALUES (6695, 17);
INSERT INTO film_genres (film_id, genre_id) VALUES (6695, 5);
INSERT INTO film_genres (film_id, genre_id) VALUES (4695, 1);
INSERT INTO film_genres (film_id, genre_id) VALUES (4695, 2);
INSERT INTO film_genres (film_id, genre_id) VALUES (661, 1);
INSERT INTO film_genres (film_id, genre_id) VALUES (661, 16);
INSERT INTO film_genres (film_id, genre_id) VALUES (386, 15);
INSERT INTO film_genres (film_id, genre_id) VALUES (386, 4);
INSERT INTO film_genres (film_id, genre_id) VALUES (386, 21);
INSERT INTO film_genres (film_id, genre_id) VALUES (7226, 15);
INSERT INTO film_genres (film_id, genre_id) VALUES (7226, 1);
INSERT INTO film_genres (film_id, genre_id) VALUES (7226, 3);
INSERT INTO film_genres (film_id, genre_id) VALUES (8125, 10);
INSERT INTO film_genres (film_id, genre_id) VALUES (8125, 11);
INSERT INTO film_genres (film_id, genre_id) VALUES (420923, 15);
INSERT INTO film_genres (film_id, genre_id) VALUES (420923, 1);
INSERT INTO film_genres (film_id, genre_id) VALUES (420923, 2);
INSERT INTO film_genres (film_id, genre_id) VALUES (420923, 3);
INSERT INTO film_genres (film_id, genre_id) VALUES (420923, 6);
INSERT INTO film_genres (film_id, genre_id) VALUES (420923, 17);
INSERT INTO film_genres (film_id, genre_id) VALUES (420923, 11);
INSERT INTO film_genres (film_id, genre_id) VALUES (16115, 10);
INSERT INTO film_genres (film_id, genre_id) VALUES (16115, 11);
INSERT INTO film_genres (film_id, genre_id) VALUES (455194, 15);
INSERT INTO film_genres (film_id, genre_id) VALUES (455194, 1);
INSERT INTO film_genres (film_id, genre_id) VALUES (455194, 2);
INSERT INTO film_genres (film_id, genre_id) VALUES (455194, 3);
INSERT INTO film_genres (film_id, genre_id) VALUES (81297, 1);
INSERT INTO film_genres (film_id, genre_id) VALUES (81297, 19);
INSERT INTO film_genres (film_id, genre_id) VALUES (341, 10);
INSERT INTO film_genres (film_id, genre_id) VALUES (341, 11);
INSERT INTO film_genres (film_id, genre_id) VALUES (572553, 1);
INSERT INTO film_genres (film_id, genre_id) VALUES (572553, 6);
INSERT INTO film_genres (film_id, genre_id) VALUES (572553, 5);
INSERT INTO film_genres (film_id, genre_id) VALUES (572553, 7);
INSERT INTO film_genres (film_id, genre_id) VALUES (572553, 8);
INSERT INTO film_genres (film_id, genre_id) VALUES (84049, 10);
INSERT INTO film_genres (film_id, genre_id) VALUES (84049, 6);
INSERT INTO film_genres (film_id, genre_id) VALUES (84049, 5);
INSERT INTO film_genres (film_id, genre_id) VALUES (84049, 11);
INSERT INTO film_genres (film_id, genre_id) VALUES (84049, 7);
INSERT INTO film_genres (film_id, genre_id) VALUES (84049, 8);
INSERT INTO film_genres (film_id, genre_id) VALUES (84049, 9);
INSERT INTO film_genres (film_id, genre_id) VALUES (885317, 6);
INSERT INTO film_genres (film_id, genre_id) VALUES (885317, 5);
INSERT INTO film_genres (film_id, genre_id) VALUES (885317, 7);
INSERT INTO film_genres (film_id, genre_id) VALUES (885317, 18);
INSERT INTO film_genres (film_id, genre_id) VALUES (195434, 15);
INSERT INTO film_genres (film_id, genre_id) VALUES (195434, 1);
INSERT INTO film_genres (film_id, genre_id) VALUES (195434, 2);
INSERT INTO film_genres (film_id, genre_id) VALUES (195434, 20);
INSERT INTO film_genres (film_id, genre_id) VALUES (436263, 1);
INSERT INTO film_genres (film_id, genre_id) VALUES (436263, 17);
INSERT INTO film_genres (film_id, genre_id) VALUES (436263, 12);
INSERT INTO film_genres (film_id, genre_id) VALUES (436263, 13);
INSERT INTO film_genres (film_id, genre_id) VALUES (497, 10);
INSERT INTO film_genres (film_id, genre_id) VALUES (497, 11);
INSERT INTO film_genres (film_id, genre_id) VALUES (662596, 1);
INSERT INTO film_genres (film_id, genre_id) VALUES (662596, 10);
INSERT INTO film_genres (film_id, genre_id) VALUES (662596, 4);
INSERT INTO film_genres (film_id, genre_id) VALUES (662596, 5);
INSERT INTO film_genres (film_id, genre_id) VALUES (662596, 11);
INSERT INTO film_genres (film_id, genre_id) VALUES (406, 15);
INSERT INTO film_genres (film_id, genre_id) VALUES (406, 4);
INSERT INTO film_genres (film_id, genre_id) VALUES (406, 6);
INSERT INTO film_genres (film_id, genre_id) VALUES (406, 17);
INSERT INTO film_genres (film_id, genre_id) VALUES (406, 21);
INSERT INTO film_genres (film_id, genre_id) VALUES (2494, 1);
INSERT INTO film_genres (film_id, genre_id) VALUES (2494, 2);
INSERT INTO film_genres (film_id, genre_id) VALUES (462606, 15);
INSERT INTO film_genres (film_id, genre_id) VALUES (462606, 1);
INSERT INTO film_genres (film_id, genre_id) VALUES (462606, 4);
INSERT INTO film_genres (film_id, genre_id) VALUES (252156, 15);
INSERT INTO film_genres (film_id, genre_id) VALUES (252156, 1);
INSERT INTO film_genres (film_id, genre_id) VALUES (252156, 2);
INSERT INTO film_genres (film_id, genre_id) VALUES (252156, 16);
INSERT INTO film_genres (film_id, genre_id) VALUES (5012, 1);
INSERT INTO film_genres (film_id, genre_id) VALUES (5012, 10);
INSERT INTO film_genres (film_id, genre_id) VALUES (5012, 3);
INSERT INTO film_genres (film_id, genre_id) VALUES (5012, 4);
INSERT INTO film_genres (film_id, genre_id) VALUES (2428, 6);
INSERT INTO film_genres (film_id, genre_id) VALUES (2428, 5);
INSERT INTO film_genres (film_id, genre_id) VALUES (2428, 11);
INSERT INTO film_genres (film_id, genre_id) VALUES (2428, 7);
INSERT INTO film_genres (film_id, genre_id) VALUES (2428, 8);
INSERT INTO film_genres (film_id, genre_id) VALUES (2428, 18);
INSERT INTO film_genres (film_id, genre_id) VALUES (439, 1);
INSERT INTO film_genres (film_id, genre_id) VALUES (439, 2);
INSERT INTO film_genres (film_id, genre_id) VALUES (645276, 1);
INSERT INTO film_genres (film_id, genre_id) VALUES (645276, 6);
INSERT INTO film_genres (film_id, genre_id) VALUES (645276, 13);
INSERT INTO film_genres (film_id, genre_id) VALUES (966036, 1);
INSERT INTO film_genres (film_id, genre_id) VALUES (966036, 16);
INSERT INTO film_genres (film_id, genre_id) VALUES (966036, 13);
INSERT INTO film_genres (film_id, genre_id) VALUES (463724, 1);
INSERT INTO film_genres (film_id, genre_id) VALUES (463724, 10);
INSERT INTO film_genres (film_id, genre_id) VALUES (864, 4);
INSERT INTO film_genres (film_id, genre_id) VALUES (864, 6);
INSERT INTO film_genres (film_id, genre_id) VALUES (864, 7);
INSERT INTO film_genres (film_id, genre_id) VALUES (864, 8);
INSERT INTO film_genres (film_id, genre_id) VALUES (1043758, 15);
INSERT INTO film_genres (film_id, genre_id) VALUES (1043758, 1);
INSERT INTO film_genres (film_id, genre_id) VALUES (1043758, 11);
INSERT INTO film_genres (film_id, genre_id) VALUES (959606, 1);
INSERT INTO film_genres (film_id, genre_id) VALUES (959606, 10);
INSERT INTO film_genres (film_id, genre_id) VALUES (959606, 16);
INSERT INTO film_genres (film_id, genre_id) VALUES (959606, 12);
INSERT INTO film_genres (film_id, genre_id) VALUES (351, 1);
INSERT INTO film_genres (film_id, genre_id) VALUES (258328, 6);
INSERT INTO film_genres (film_id, genre_id) VALUES (258328, 5);
INSERT INTO film_genres (film_id, genre_id) VALUES (258328, 11);
INSERT INTO film_genres (film_id, genre_id) VALUES (258328, 7);
INSERT INTO film_genres (film_id, genre_id) VALUES (258328, 8);
INSERT INTO film_genres (film_id, genre_id) VALUES (24705, 6);
INSERT INTO film_genres (film_id, genre_id) VALUES (24705, 17);
INSERT INTO film_genres (film_id, genre_id) VALUES (24705, 11);
INSERT INTO film_genres (film_id, genre_id) VALUES (5492, 1);
INSERT INTO film_genres (film_id, genre_id) VALUES (5492, 10);
INSERT INTO film_genres (film_id, genre_id) VALUES (5492, 4);
INSERT INTO film_genres (film_id, genre_id) VALUES (3793, 3);
INSERT INTO film_genres (film_id, genre_id) VALUES (3793, 17);
INSERT INTO film_genres (film_id, genre_id) VALUES (3793, 5);
INSERT INTO film_genres (film_id, genre_id) VALUES (3793, 21);

INSERT INTO film_countries (film_id, country_id) VALUES (435, 1);
INSERT INTO film_countries (film_id, country_id) VALUES (326, 1);
INSERT INTO film_countries (film_id, country_id) VALUES (3498, 1);
INSERT INTO film_countries (film_id, country_id) VALUES (3498, 2);
INSERT INTO film_countries (film_id, country_id) VALUES (312, 1);
INSERT INTO film_countries (film_id, country_id) VALUES (312, 2);
INSERT INTO film_countries (film_id, country_id) VALUES (328, 1);
INSERT INTO film_countries (film_id, country_id) VALUES (328, 2);
INSERT INTO film_countries (film_id, country_id) VALUES (448, 1);
INSERT INTO film_countries (film_id, country_id) VALUES (2360, 1);
INSERT INTO film_countries (film_id, country_id) VALUES (258687, 1);
INSERT INTO film_countries (film_id, country_id) VALUES (258687, 3);
INSERT INTO film_countries (film_id, country_id) VALUES (258687, 4);
INSERT INTO film_countries (film_id, country_id) VALUES (42664, 5);
INSERT INTO film_countries (film_id, country_id) VALUES (1309570, 1);
INSERT INTO film_countries (film_id, country_id) VALUES (1309570, 40);
INSERT INTO film_countries (film_id, country_id) VALUES (679486, 1);
INSERT INTO film_countries (film_id, country_id) VALUES (535341, 6);
INSERT INTO film_countries (film_id, country_id) VALUES (342, 1);
INSERT INTO film_countries (film_id, country_id) VALUES (329, 1);
INSERT INTO film_countries (film_id, country_id) VALUES (447301, 1);
INSERT INTO film_countries (film_id, country_id) VALUES (447301, 3);
INSERT INTO film_countries (film_id, country_id) VALUES (279102, 1);
INSERT INTO film_countries (film_id, country_id) VALUES (522, 3);
INSERT INTO film_countries (film_id, country_id) VALUES (301, 1);
INSERT INTO film_countries (film_id, country_id) VALUES (301, 7);
INSERT INTO film_countries (film_id, country_id) VALUES (957887, 1);
INSERT INTO film_countries (film_id, country_id) VALUES (957887, 3);
INSERT INTO film_countries (film_id, country_id) VALUES (957887, 8);
INSERT INTO film_countries (film_id, country_id) VALUES (370, 9);
INSERT INTO film_countries (film_id, country_id) VALUES (476, 1);
INSERT INTO film_countries (film_id, country_id) VALUES (44386, 5);
INSERT INTO film_countries (film_id, country_id) VALUES (77263, 5);
INSERT INTO film_countries (film_id, country_id) VALUES (361, 1);
INSERT INTO film_countries (film_id, country_id) VALUES (361, 10);
INSERT INTO film_countries (film_id, country_id) VALUES (46708, 5);
INSERT INTO film_countries (film_id, country_id) VALUES (4374, 1);
INSERT INTO film_countries (film_id, country_id) VALUES (25108, 5);
INSERT INTO film_countries (film_id, country_id) VALUES (526, 1);
INSERT INTO film_countries (film_id, country_id) VALUES (526, 3);
INSERT INTO film_countries (film_id, country_id) VALUES (397667, 1);
INSERT INTO film_countries (film_id, country_id) VALUES (42782, 5);
INSERT INTO film_countries (film_id, country_id) VALUES (32898, 10);
INSERT INTO film_countries (film_id, country_id) VALUES (430, 1);
INSERT INTO film_countries (film_id, country_id) VALUES (430, 9);
INSERT INTO film_countries (film_id, country_id) VALUES (1143242, 1);
INSERT INTO film_countries (film_id, country_id) VALUES (1143242, 3);
INSERT INTO film_countries (film_id, country_id) VALUES (43395, 5);
INSERT INTO film_countries (film_id, country_id) VALUES (474, 1);
INSERT INTO film_countries (film_id, country_id) VALUES (474, 3);
INSERT INTO film_countries (film_id, country_id) VALUES (474, 12);
INSERT INTO film_countries (film_id, country_id) VALUES (474, 13);
INSERT INTO film_countries (film_id, country_id) VALUES (41519, 11);
INSERT INTO film_countries (film_id, country_id) VALUES (111543, 1);
INSERT INTO film_countries (film_id, country_id) VALUES (111543, 3);
INSERT INTO film_countries (film_id, country_id) VALUES (450213, 1);
INSERT INTO film_countries (film_id, country_id) VALUES (573759, 5);
INSERT INTO film_countries (film_id, country_id) VALUES (324, 1);
INSERT INTO film_countries (film_id, country_id) VALUES (324, 4);
INSERT INTO film_countries (film_id, country_id) VALUES (775273, 1);
INSERT INTO film_countries (film_id, country_id) VALUES (8124, 1);
INSERT INTO film_countries (film_id, country_id) VALUES (325, 1);
INSERT INTO film_countries (film_id, country_id) VALUES (195334, 1);
INSERT INTO film_countries (film_id, country_id) VALUES (195334, 3);
INSERT INTO film_countries (film_id, country_id) VALUES (346, 1);
INSERT INTO film_countries (film_id, country_id) VALUES (389, 1);
INSERT INTO film_countries (film_id, country_id) VALUES (389, 6);
INSERT INTO film_countries (film_id, country_id) VALUES (444, 1);
INSERT INTO film_countries (film_id, country_id) VALUES (444, 6);
INSERT INTO film_countries (film_id, country_id) VALUES (322, 1);
INSERT INTO film_countries (film_id, country_id) VALUES (322, 3);
INSERT INTO film_countries (film_id, country_id) VALUES (45146, 5);
INSERT INTO film_countries (film_id, country_id) VALUES (689, 1);
INSERT INTO film_countries (film_id, country_id) VALUES (689, 3);
INSERT INTO film_countries (film_id, country_id) VALUES (725190, 1);
INSERT INTO film_countries (film_id, country_id) VALUES (81314, 1);
INSERT INTO film_countries (film_id, country_id) VALUES (81314, 14);
INSERT INTO film_countries (film_id, country_id) VALUES (77335, 5);
INSERT INTO film_countries (film_id, country_id) VALUES (530, 1);
INSERT INTO film_countries (film_id, country_id) VALUES (42770, 5);
INSERT INTO film_countries (film_id, country_id) VALUES (49684, 9);
INSERT INTO film_countries (film_id, country_id) VALUES (44745, 5);
INSERT INTO film_countries (film_id, country_id) VALUES (1108577, 1);
INSERT INTO film_countries (film_id, country_id) VALUES (1108577, 15);
INSERT INTO film_countries (film_id, country_id) VALUES (5502, 1);
INSERT INTO film_countries (film_id, country_id) VALUES (586397, 1);
INSERT INTO film_countries (film_id, country_id) VALUES (41520, 1);
INSERT INTO film_countries (film_id, country_id) VALUES (41520, 11);
INSERT INTO film_countries (film_id, country_id) VALUES (43869, 5);
INSERT INTO film_countries (film_id, country_id) VALUES (958722, 9);
INSERT INTO film_countries (film_id, country_id) VALUES (2213, 1);
INSERT INTO film_countries (film_id, country_id) VALUES (2213, 7);
INSERT INTO film_countries (film_id, country_id) VALUES (2213, 4);
INSERT INTO film_countries (film_id, country_id) VALUES (2213, 16);
INSERT INTO film_countries (film_id, country_id) VALUES (381, 17);
INSERT INTO film_countries (film_id, country_id) VALUES (77269, 5);
INSERT INTO film_countries (film_id, country_id) VALUES (42736, 5);
INSERT INTO film_countries (film_id, country_id) VALUES (462682, 1);
INSERT INTO film_countries (film_id, country_id) VALUES (355, 6);
INSERT INTO film_countries (film_id, country_id) VALUES (355, 18);
INSERT INTO film_countries (film_id, country_id) VALUES (355, 3);
INSERT INTO film_countries (film_id, country_id) VALUES (355, 10);
INSERT INTO film_countries (film_id, country_id) VALUES (458, 1);
INSERT INTO film_countries (film_id, country_id) VALUES (345, 1);
INSERT INTO film_countries (film_id, country_id) VALUES (89514, 1);
INSERT INTO film_countries (film_id, country_id) VALUES (538, 1);
INSERT INTO film_countries (film_id, country_id) VALUES (63912, 17);
INSERT INTO film_countries (film_id, country_id) VALUES (5619, 1);
INSERT INTO film_countries (film_id, country_id) VALUES (46225, 5);
INSERT INTO film_countries (film_id, country_id) VALUES (4541, 1);
INSERT INTO film_countries (film_id, country_id) VALUES (278522, 1);
INSERT INTO film_countries (film_id, country_id) VALUES (278522, 2);
INSERT INTO film_countries (film_id, country_id) VALUES (42172, 5);
INSERT INTO film_countries (film_id, country_id) VALUES (407636, 1);
INSERT INTO film_countries (film_id, country_id) VALUES (407636, 3);
INSERT INTO film_countries (film_id, country_id) VALUES (819101, 1);
INSERT INTO film_countries (film_id, country_id) VALUES (649917, 1);
INSERT INTO film_countries (film_id, country_id) VALUES (649917, 7);
INSERT INTO film_countries (film_id, country_id) VALUES (408410, 1);
INSERT INTO film_countries (film_id, country_id) VALUES (408410, 10);
INSERT INTO film_countries (film_id, country_id) VALUES (4996, 1);
INSERT INTO film_countries (film_id, country_id) VALUES (382, 1);
INSERT INTO film_countries (film_id, country_id) VALUES (775276, 1);
INSERT INTO film_countries (film_id, country_id) VALUES (399, 1);
INSERT INTO film_countries (film_id, country_id) VALUES (527, 1);
INSERT INTO film_countries (film_id, country_id) VALUES (44168, 5);
INSERT INTO film_countries (film_id, country_id) VALUES (377, 1);
INSERT INTO film_countries (film_id, country_id) VALUES (387556, 1);
INSERT INTO film_countries (film_id, country_id) VALUES (387556, 3);
INSERT INTO film_countries (film_id, country_id) VALUES (5277, 1);
INSERT INTO film_countries (film_id, country_id) VALUES (441, 9);
INSERT INTO film_countries (film_id, country_id) VALUES (5273, 1);
INSERT INTO film_countries (film_id, country_id) VALUES (645118, 1);
INSERT INTO film_countries (film_id, country_id) VALUES (325381, 1);
INSERT INTO film_countries (film_id, country_id) VALUES (688, 1);
INSERT INTO film_countries (film_id, country_id) VALUES (688, 3);
INSERT INTO film_countries (film_id, country_id) VALUES (688, 10);
INSERT INTO film_countries (film_id, country_id) VALUES (44027, 5);
INSERT INTO film_countries (film_id, country_id) VALUES (2361, 1);
INSERT INTO film_countries (film_id, country_id) VALUES (356, 1);
INSERT INTO film_countries (film_id, country_id) VALUES (5167, 1);
INSERT INTO film_countries (film_id, country_id) VALUES (5167, 4);
INSERT INTO film_countries (film_id, country_id) VALUES (77531, 1);
INSERT INTO film_countries (film_id, country_id) VALUES (77531, 10);
INSERT INTO film_countries (film_id, country_id) VALUES (835086, 1);
INSERT INTO film_countries (film_id, country_id) VALUES (3797, 1);
INSERT INTO film_countries (film_id, country_id) VALUES (3797, 10);
INSERT INTO film_countries (film_id, country_id) VALUES (12198, 1);
INSERT INTO film_countries (film_id, country_id) VALUES (395787, 1);
INSERT INTO film_countries (film_id, country_id) VALUES (336, 1);
INSERT INTO film_countries (film_id, country_id) VALUES (63991, 1);
INSERT INTO film_countries (film_id, country_id) VALUES (2950, 1);
INSERT INTO film_countries (film_id, country_id) VALUES (714248, 6);
INSERT INTO film_countries (film_id, country_id) VALUES (714248, 22);
INSERT INTO film_countries (film_id, country_id) VALUES (714248, 19);
INSERT INTO film_countries (film_id, country_id) VALUES (714248, 20);
INSERT INTO film_countries (film_id, country_id) VALUES (714248, 21);
INSERT INTO film_countries (film_id, country_id) VALUES (1015471, 1);
INSERT INTO film_countries (film_id, country_id) VALUES (338, 1);
INSERT INTO film_countries (film_id, country_id) VALUES (338, 3);
INSERT INTO film_countries (film_id, country_id) VALUES (6877, 1);
INSERT INTO film_countries (film_id, country_id) VALUES (7640, 1);
INSERT INTO film_countries (film_id, country_id) VALUES (7640, 10);
INSERT INTO film_countries (film_id, country_id) VALUES (456, 1);
INSERT INTO film_countries (film_id, country_id) VALUES (2656, 1);
INSERT INTO film_countries (film_id, country_id) VALUES (2656, 6);
INSERT INTO film_countries (film_id, country_id) VALUES (2656, 3);
INSERT INTO film_countries (film_id, country_id) VALUES (61237, 1);
INSERT INTO film_countries (film_id, country_id) VALUES (61237, 4);
INSERT INTO film_countries (film_id, country_id) VALUES (7103, 1);
INSERT INTO film_countries (film_id, country_id) VALUES (958541, 1);
INSERT INTO film_countries (film_id, country_id) VALUES (958541, 6);
INSERT INTO film_countries (film_id, country_id) VALUES (958541, 3);
INSERT INTO film_countries (film_id, country_id) VALUES (958541, 19);
INSERT INTO film_countries (film_id, country_id) VALUES (958541, 20);
INSERT INTO film_countries (film_id, country_id) VALUES (470191, 1);
INSERT INTO film_countries (film_id, country_id) VALUES (592260, 6);
INSERT INTO film_countries (film_id, country_id) VALUES (592260, 20);
INSERT INTO film_countries (film_id, country_id) VALUES (592260, 21);
INSERT INTO film_countries (film_id, country_id) VALUES (4871, 1);
INSERT INTO film_countries (film_id, country_id) VALUES (77132, 1);
INSERT INTO film_countries (film_id, country_id) VALUES (77132, 6);
INSERT INTO film_countries (film_id, country_id) VALUES (77132, 9);
INSERT INTO film_countries (film_id, country_id) VALUES (485311, 1);
INSERT INTO film_countries (film_id, country_id) VALUES (485311, 3);
INSERT INTO film_countries (film_id, country_id) VALUES (485311, 7);
INSERT INTO film_countries (film_id, country_id) VALUES (46068, 5);
INSERT INTO film_countries (film_id, country_id) VALUES (1008113, 23);
INSERT INTO film_countries (film_id, country_id) VALUES (408876, 1);
INSERT INTO film_countries (film_id, country_id) VALUES (408876, 2);
INSERT INTO film_countries (film_id, country_id) VALUES (349, 8);
INSERT INTO film_countries (film_id, country_id) VALUES (349, 17);
INSERT INTO film_countries (film_id, country_id) VALUES (349, 24);
INSERT INTO film_countries (film_id, country_id) VALUES (920265, 1);
INSERT INTO film_countries (film_id, country_id) VALUES (8221, 9);
INSERT INTO film_countries (film_id, country_id) VALUES (627, 1);
INSERT INTO film_countries (film_id, country_id) VALUES (44238, 5);
INSERT INTO film_countries (film_id, country_id) VALUES (6006, 1);
INSERT INTO film_countries (film_id, country_id) VALUES (843649, 1);
INSERT INTO film_countries (film_id, country_id) VALUES (102124, 1);
INSERT INTO film_countries (film_id, country_id) VALUES (81555, 1);
INSERT INTO film_countries (film_id, country_id) VALUES (839, 1);
INSERT INTO film_countries (film_id, country_id) VALUES (371, 1);
INSERT INTO film_countries (film_id, country_id) VALUES (77283, 5);
INSERT INTO film_countries (film_id, country_id) VALUES (694633, 1);
INSERT INTO film_countries (film_id, country_id) VALUES (694633, 2);
INSERT INTO film_countries (film_id, country_id) VALUES (689066, 1);
INSERT INTO film_countries (film_id, country_id) VALUES (963343, 9);
INSERT INTO film_countries (film_id, country_id) VALUES (5928, 1);
INSERT INTO film_countries (film_id, country_id) VALUES (1254059, 11);
INSERT INTO film_countries (film_id, country_id) VALUES (9691, 1);
INSERT INTO film_countries (film_id, country_id) VALUES (9691, 10);
INSERT INTO film_countries (film_id, country_id) VALUES (41431, 11);
INSERT INTO film_countries (film_id, country_id) VALUES (447, 1);
INSERT INTO film_countries (film_id, country_id) VALUES (447, 3);
INSERT INTO film_countries (film_id, country_id) VALUES (470553, 1);
INSERT INTO film_countries (film_id, country_id) VALUES (470553, 25);
INSERT INTO film_countries (film_id, country_id) VALUES (470553, 26);
INSERT INTO film_countries (film_id, country_id) VALUES (7097, 1);
INSERT INTO film_countries (film_id, country_id) VALUES (7097, 3);
INSERT INTO film_countries (film_id, country_id) VALUES (333, 1);
INSERT INTO film_countries (film_id, country_id) VALUES (333, 3);
INSERT INTO film_countries (film_id, country_id) VALUES (519, 1);
INSERT INTO film_countries (film_id, country_id) VALUES (848894, 27);
INSERT INTO film_countries (film_id, country_id) VALUES (7908, 1);
INSERT INTO film_countries (film_id, country_id) VALUES (7908, 7);
INSERT INTO film_countries (film_id, country_id) VALUES (3442, 1);
INSERT INTO film_countries (film_id, country_id) VALUES (3442, 3);
INSERT INTO film_countries (film_id, country_id) VALUES (3442, 12);
INSERT INTO film_countries (film_id, country_id) VALUES (281251, 1);
INSERT INTO film_countries (film_id, country_id) VALUES (281251, 3);
INSERT INTO film_countries (film_id, country_id) VALUES (14349, 6);
INSERT INTO film_countries (film_id, country_id) VALUES (7724, 5);
INSERT INTO film_countries (film_id, country_id) VALUES (1091, 1);
INSERT INTO film_countries (film_id, country_id) VALUES (350, 1);
INSERT INTO film_countries (film_id, country_id) VALUES (1188529, 1);
INSERT INTO film_countries (film_id, country_id) VALUES (77264, 5);
INSERT INTO film_countries (film_id, country_id) VALUES (77548, 1);
INSERT INTO film_countries (film_id, country_id) VALUES (77548, 3);
INSERT INTO film_countries (film_id, country_id) VALUES (86326, 1);
INSERT INTO film_countries (film_id, country_id) VALUES (86326, 3);
INSERT INTO film_countries (film_id, country_id) VALUES (86326, 10);
INSERT INTO film_countries (film_id, country_id) VALUES (86326, 4);
INSERT INTO film_countries (film_id, country_id) VALUES (251733, 1);
INSERT INTO film_countries (film_id, country_id) VALUES (251733, 3);
INSERT INTO film_countries (film_id, country_id) VALUES (39259, 6);
INSERT INTO film_countries (film_id, country_id) VALUES (327, 1);
INSERT INTO film_countries (film_id, country_id) VALUES (540, 1);
INSERT INTO film_countries (film_id, country_id) VALUES (965754, 1);
INSERT INTO film_countries (film_id, country_id) VALUES (46638, 5);
INSERT INTO film_countries (film_id, country_id) VALUES (260162, 1);
INSERT INTO film_countries (film_id, country_id) VALUES (482, 1);
INSERT INTO film_countries (film_id, country_id) VALUES (81733, 1);
INSERT INTO film_countries (film_id, country_id) VALUES (81733, 6);
INSERT INTO film_countries (film_id, country_id) VALUES (81733, 3);
INSERT INTO film_countries (film_id, country_id) VALUES (683999, 1);
INSERT INTO film_countries (film_id, country_id) VALUES (683999, 10);
INSERT INTO film_countries (film_id, country_id) VALUES (707, 1);
INSERT INTO film_countries (film_id, country_id) VALUES (751, 1);
INSERT INTO film_countries (film_id, country_id) VALUES (378140, 1);
INSERT INTO film_countries (film_id, country_id) VALUES (378140, 3);
INSERT INTO film_countries (film_id, country_id) VALUES (939785, 1);
INSERT INTO film_countries (film_id, country_id) VALUES (939785, 3);
INSERT INTO film_countries (film_id, country_id) VALUES (939785, 10);
INSERT INTO film_countries (film_id, country_id) VALUES (939785, 9);
INSERT INTO film_countries (film_id, country_id) VALUES (102130, 1);
INSERT INTO film_countries (film_id, country_id) VALUES (46089, 5);
INSERT INTO film_countries (film_id, country_id) VALUES (46789, 5);
INSERT INTO film_countries (film_id, country_id) VALUES (10179, 17);
INSERT INTO film_countries (film_id, country_id) VALUES (45660, 5);
INSERT INTO film_countries (film_id, country_id) VALUES (42571, 5);
INSERT INTO film_countries (film_id, country_id) VALUES (944098, 1);
INSERT INTO film_countries (film_id, country_id) VALUES (944098, 3);
INSERT INTO film_countries (film_id, country_id) VALUES (568289, 1);
INSERT INTO film_countries (film_id, country_id) VALUES (568289, 3);
INSERT INTO film_countries (film_id, country_id) VALUES (437410, 1);
INSERT INTO film_countries (film_id, country_id) VALUES (437410, 3);
INSERT INTO film_countries (film_id, country_id) VALUES (692861, 1);
INSERT INTO film_countries (film_id, country_id) VALUES (838, 1);
INSERT INTO film_countries (film_id, country_id) VALUES (280172, 1);
INSERT INTO film_countries (film_id, country_id) VALUES (782, 1);
INSERT INTO film_countries (film_id, country_id) VALUES (5059, 1);
INSERT INTO film_countries (film_id, country_id) VALUES (808639, 11);
INSERT INTO film_countries (film_id, country_id) VALUES (77265, 5);
INSERT INTO film_countries (film_id, country_id) VALUES (2513, 1);
INSERT INTO film_countries (film_id, country_id) VALUES (472, 1);
INSERT INTO film_countries (film_id, country_id) VALUES (461939, 1);
INSERT INTO film_countries (film_id, country_id) VALUES (588672, 1);
INSERT INTO film_countries (film_id, country_id) VALUES (3563, 1);
INSERT INTO film_countries (film_id, country_id) VALUES (3563, 4);
INSERT INTO film_countries (film_id, country_id) VALUES (394, 1);
INSERT INTO film_countries (film_id, country_id) VALUES (104938, 1);
INSERT INTO film_countries (film_id, country_id) VALUES (6764, 1);
INSERT INTO film_countries (film_id, country_id) VALUES (6764, 9);
INSERT INTO film_countries (film_id, country_id) VALUES (6764, 2);
INSERT INTO film_countries (film_id, country_id) VALUES (263531, 1);
INSERT INTO film_countries (film_id, country_id) VALUES (539, 1);
INSERT INTO film_countries (film_id, country_id) VALUES (1991, 1);
INSERT INTO film_countries (film_id, country_id) VALUES (6039, 1);
INSERT INTO film_countries (film_id, country_id) VALUES (252641, 1);
INSERT INTO film_countries (film_id, country_id) VALUES (469, 1);
INSERT INTO film_countries (film_id, country_id) VALUES (469, 17);
INSERT INTO film_countries (film_id, country_id) VALUES (86621, 1);
INSERT INTO film_countries (film_id, country_id) VALUES (86621, 3);
INSERT INTO film_countries (film_id, country_id) VALUES (596125, 1);
INSERT INTO film_countries (film_id, country_id) VALUES (596125, 3);
INSERT INTO film_countries (film_id, country_id) VALUES (596125, 10);
INSERT INTO film_countries (film_id, country_id) VALUES (255611, 1);
INSERT INTO film_countries (film_id, country_id) VALUES (255611, 6);
INSERT INTO film_countries (film_id, country_id) VALUES (255611, 3);
INSERT INTO film_countries (film_id, country_id) VALUES (1846, 9);
INSERT INTO film_countries (film_id, country_id) VALUES (738, 1);
INSERT INTO film_countries (film_id, country_id) VALUES (738, 3);
INSERT INTO film_countries (film_id, country_id) VALUES (738, 8);
INSERT INTO film_countries (film_id, country_id) VALUES (738, 10);
INSERT INTO film_countries (film_id, country_id) VALUES (681849, 17);
INSERT INTO film_countries (film_id, country_id) VALUES (471, 1);
INSERT INTO film_countries (film_id, country_id) VALUES (6695, 1);
INSERT INTO film_countries (film_id, country_id) VALUES (4695, 1);
INSERT INTO film_countries (film_id, country_id) VALUES (661, 1);
INSERT INTO film_countries (film_id, country_id) VALUES (386, 1);
INSERT INTO film_countries (film_id, country_id) VALUES (386, 3);
INSERT INTO film_countries (film_id, country_id) VALUES (7226, 6);
INSERT INTO film_countries (film_id, country_id) VALUES (7226, 3);
INSERT INTO film_countries (film_id, country_id) VALUES (7226, 27);
INSERT INTO film_countries (film_id, country_id) VALUES (7226, 10);
INSERT INTO film_countries (film_id, country_id) VALUES (7226, 17);
INSERT INTO film_countries (film_id, country_id) VALUES (7226, 22);
INSERT INTO film_countries (film_id, country_id) VALUES (7226, 29);
INSERT INTO film_countries (film_id, country_id) VALUES (7226, 30);
INSERT INTO film_countries (film_id, country_id) VALUES (7226, 31);
INSERT INTO film_countries (film_id, country_id) VALUES (8125, 1);
INSERT INTO film_countries (film_id, country_id) VALUES (420923, 1);
INSERT INTO film_countries (film_id, country_id) VALUES (420923, 3);
INSERT INTO film_countries (film_id, country_id) VALUES (420923, 10);
INSERT INTO film_countries (film_id, country_id) VALUES (420923, 7);
INSERT INTO film_countries (film_id, country_id) VALUES (16115, 1);
INSERT INTO film_countries (film_id, country_id) VALUES (455194, 1);
INSERT INTO film_countries (film_id, country_id) VALUES (81297, 1);
INSERT INTO film_countries (film_id, country_id) VALUES (341, 6);
INSERT INTO film_countries (film_id, country_id) VALUES (341, 10);
INSERT INTO film_countries (film_id, country_id) VALUES (572553, 1);
INSERT INTO film_countries (film_id, country_id) VALUES (572553, 6);
INSERT INTO film_countries (film_id, country_id) VALUES (572553, 17);
INSERT INTO film_countries (film_id, country_id) VALUES (572553, 4);
INSERT INTO film_countries (film_id, country_id) VALUES (572553, 15);
INSERT INTO film_countries (film_id, country_id) VALUES (84049, 1);
INSERT INTO film_countries (film_id, country_id) VALUES (885317, 9);
INSERT INTO film_countries (film_id, country_id) VALUES (195434, 1);
INSERT INTO film_countries (film_id, country_id) VALUES (195434, 16);
INSERT INTO film_countries (film_id, country_id) VALUES (436263, 11);
INSERT INTO film_countries (film_id, country_id) VALUES (436263, 28);
INSERT INTO film_countries (film_id, country_id) VALUES (497, 1);
INSERT INTO film_countries (film_id, country_id) VALUES (662596, 1);
INSERT INTO film_countries (film_id, country_id) VALUES (662596, 3);
INSERT INTO film_countries (film_id, country_id) VALUES (406, 1);
INSERT INTO film_countries (film_id, country_id) VALUES (406, 3);
INSERT INTO film_countries (film_id, country_id) VALUES (2494, 1);
INSERT INTO film_countries (film_id, country_id) VALUES (2494, 6);
INSERT INTO film_countries (film_id, country_id) VALUES (462606, 1);
INSERT INTO film_countries (film_id, country_id) VALUES (462606, 16);
INSERT INTO film_countries (film_id, country_id) VALUES (252156, 1);
INSERT INTO film_countries (film_id, country_id) VALUES (252156, 3);
INSERT INTO film_countries (film_id, country_id) VALUES (5012, 1);
INSERT INTO film_countries (film_id, country_id) VALUES (2428, 9);
INSERT INTO film_countries (film_id, country_id) VALUES (439, 6);
INSERT INTO film_countries (film_id, country_id) VALUES (439, 32);
INSERT INTO film_countries (film_id, country_id) VALUES (645276, 10);
INSERT INTO film_countries (film_id, country_id) VALUES (966036, 1);
INSERT INTO film_countries (film_id, country_id) VALUES (463724, 1);
INSERT INTO film_countries (film_id, country_id) VALUES (463724, 7);
INSERT INTO film_countries (film_id, country_id) VALUES (864, 1);
INSERT INTO film_countries (film_id, country_id) VALUES (1043758, 23);
INSERT INTO film_countries (film_id, country_id) VALUES (959606, 10);
INSERT INTO film_countries (film_id, country_id) VALUES (959606, 17);
INSERT INTO film_countries (film_id, country_id) VALUES (351, 1);
INSERT INTO film_countries (film_id, country_id) VALUES (258328, 1);
INSERT INTO film_countries (film_id, country_id) VALUES (24705, 14);
INSERT INTO film_countries (film_id, country_id) VALUES (24705, 33);
INSERT INTO film_countries (film_id, country_id) VALUES (5492, 1);
INSERT INTO film_countries (film_id, country_id) VALUES (3793, 1);
INSERT INTO film_countries (film_id, country_id) VALUES (3793, 10);